document_id,topic,text
doc-0001,education,"Das aktive Abrufen ist oft wirksamer als das bloße Lesen. Die Auswertung unterscheidet zwischen Erkennen und selbstständigem Anwenden. Kurze Tests zeigen, welche Begriffe noch unsicher sind. Eine klare Rückmeldung hilft beim Korrigieren typischer Fehler. Digitale Übungen können den individuellen Lernfortschritt sichtbar machen. Regelmäßige Wiederholung verbessert die langfristige Erinnerung."
doc-0002,technology,"Der Dienst verarbeitet viele kleine Anfragen parallel. Das Entwicklungsteam überwacht die Anwendung mit automatisierten Metriken. Eine stabile Schnittstelle erleichtert die Integration neuer Komponenten. Automatisierte Tests prüfen zentrale Funktionen vor jeder Veröffentlichung. Die Daten werden verschlüsselt übertragen und nur kurz zwischengespeichert. Große Datenmengen werden schrittweise statt vollständig im Speicher verarbeitet. Messwerte zeigen, an welcher Stelle die meiste Zeit verloren geht. Die Anwendung kann einzelne Module unabhängig aktualisieren."
doc-0003,environment,Kleine Veränderungen im Alltag senken den persönlichen Energieverbrauch. Ein sparsamer Umgang mit Wasser schützt lokale Reserven. Bäume senken im Sommer die Temperatur dicht bebauter Straßen. Die Stadt erweitert das Netz sicherer Fahrradwege. Mehrwegverpackungen können den Verbrauch von Kunststoff verringern. Solaranlagen liefern auch an kühlen Tagen elektrische Energie. Öffentliche Verkehrsmittel reduzieren den Verkehr in der Innenstadt. Die Messstation erfasst Luftqualität und Lärm zu verschiedenen Tageszeiten. Regionale Produkte vermeiden lange Transportwege.
doc-0004,health,"Eine ausgewogene Mahlzeit enthält Gemüse, Eiweiß und komplexe Kohlenhydrate. Ausreichender Schlaf unterstützt Konzentration und Erholung. Sauberes Trinkwasser ist eine wichtige Grundlage der Gesundheit. Ein realistischer Trainingsplan verhindert unnötige Überlastung. Viele Beschwerden lassen sich durch frühe Untersuchung besser behandeln. Kleine Gewohnheiten sind oft leichter dauerhaft umzusetzen. Regelmäßige Bewegung stärkt den Kreislauf und verbessert die Ausdauer. Gesundheitsdaten sollten vertraulich und nachvollziehbar verarbeitet werden."
doc-0005,travel,Mit einer Tageskarte lassen sich Busse und Bahnen flexibel nutzen. Das Hotel liegt in der Nähe des historischen Stadtzentrums. Ein kleiner Rucksack erleichtert den Wechsel zwischen mehreren Verkehrsmitteln. Reisende prüfen vor der Abfahrt die aktuelle Verbindung. Am Abend besuchen die Gäste ein kleines Konzert im Freien. Die Gruppe plant genügend Zeit für unerwartete Verzögerungen ein. Eine Reiseversicherung deckt bestimmte unvorhergesehene Kosten ab.
doc-0006,work,Automatisierung reduziert wiederkehrende manuelle Tätigkeiten. Das Team bespricht am Morgen die wichtigsten Aufgaben des Tages. Regelmäßige Gespräche verbessern die Zusammenarbeit im Team. Ein kurzes Protokoll hält Entscheidungen und offene Punkte fest. Klare Zuständigkeiten verhindern doppelte Arbeit. Eine realistische Planung berücksichtigt auch unerwartete Probleme.
doc-0007,science,Die Stichprobe sollte die untersuchte Gruppe möglichst gut abbilden. Offene Daten erleichtern die unabhängige Überprüfung einer Untersuchung. Eine grafische Darstellung macht auffällige Muster sichtbar. Die Genauigkeit steigt häufig mit der Zahl sauberer Beobachtungen. Die Schlussfolgerung darf nicht über die erhobenen Daten hinausgehen. Neue Ergebnisse werden mit früheren Studien verglichen. Die Forschenden dokumentieren Messwerte und mögliche Fehlerquellen. Eine Hypothese muss durch beobachtbare Daten überprüfbar sein.
doc-0008,culture,"Ein Film kann historische Ereignisse aus persönlicher Perspektive erzählen. Traditionen verändern sich, wenn neue Generationen sie weiterentwickeln. Ein Archiv bewahrt Briefe, Fotos und andere historische Quellen. Lokale Musikgruppen treten auf einem kleinen Stadtfest auf. Kulturelle Angebote schaffen Räume für gemeinsame Erfahrungen. Die Bibliothek organisiert regelmäßig Lesungen und Gespräche. Ein Übersetzer muss Bedeutung und Ton des Originals berücksichtigen."
doc-0009,sports,Fairness bleibt auch in einer engen Wettbewerbssituation wichtig. Die Läuferin kontrolliert ihr Tempo auf den ersten Kilometern. Der Trainer passt die Belastung an den aktuellen Leistungsstand an. Kurze intensive Einheiten benötigen ausreichende Erholung. Nach einer Verletzung wird die Belastung langsam wieder erhöht. Ausdauer entsteht durch langfristiges und gleichmäßiges Training. Eine saubere Technik reduziert das Risiko unnötiger Verletzungen. Gemeinsame Ziele stärken die Motivation innerhalb der Gruppe. Eine ausgewogene Ernährung unterstützt Training und Regeneration.
doc-0010,daily_life,Die Kinder bereiten ihre Schulsachen am Vorabend vor. Eine Einkaufsliste verhindert unnötige spontane Käufe. Nach dem Essen wird die Küche gemeinsam aufgeräumt. Gemeinsame Mahlzeiten bieten Zeit für ruhige Gespräche. Eine Erinnerung im Kalender hilft bei wichtigen Terminen. Der Bus fährt werktags alle zehn Minuten.
doc-0011,education,"Ein Beispiel aus dem Alltag erleichtert das Verständnis einer Regel. Viele Lernende profitieren von kleinen und erreichbaren Zwischenzielen. Die Lernplattform passt die Schwierigkeit an die bisherigen Antworten an. Eine klare Rückmeldung hilft beim Korrigieren typischer Fehler. Fehler werden nicht bestraft, sondern als Hinweis für die nächste Übung genutzt. Regelmäßige Wiederholung verbessert die langfristige Erinnerung."
doc-0012,technology,"Eine stabile Schnittstelle erleichtert die Integration neuer Komponenten. Große Datenmengen werden schrittweise statt vollständig im Speicher verarbeitet. Messwerte zeigen, an welcher Stelle die meiste Zeit verloren geht. Ein Versionssystem dokumentiert jede Änderung am Quellcode. Die Konfiguration wird getrennt vom Programmcode verwaltet. Die Daten werden verschlüsselt übertragen und nur kurz zwischengespeichert. Automatisierte Tests prüfen zentrale Funktionen vor jeder Veröffentlichung. Der Dienst verarbeitet viele kleine Anfragen parallel. Das Entwicklungsteam überwacht die Anwendung mit automatisierten Metriken."
doc-0013,environment,Solaranlagen liefern auch an kühlen Tagen elektrische Energie. Naturnahe Flächen bieten Insekten und Vögeln wichtigen Lebensraum. Neue Gebäude benötigen weniger Energie für Heizung und Kühlung. Kleine Veränderungen im Alltag senken den persönlichen Energieverbrauch. Die Messstation erfasst Luftqualität und Lärm zu verschiedenen Tageszeiten. Bäume senken im Sommer die Temperatur dicht bebauter Straßen.
doc-0014,health,Kleine Gewohnheiten sind oft leichter dauerhaft umzusetzen. Bei starken oder anhaltenden Symptomen ist professionelle Beratung notwendig. Entspannungstechniken können den Umgang mit Stress erleichtern. Kurze Pausen helfen bei langer Arbeit am Bildschirm. Regelmäßiges Lüften verbessert die Luft in geschlossenen Räumen. Die Ärztin erklärt die Wirkung und mögliche Nebenwirkungen des Medikaments. Soziale Kontakte wirken sich positiv auf das Wohlbefinden aus. Eine gute Körperhaltung entlastet Rücken und Schultern. Regelmäßige Bewegung stärkt den Kreislauf und verbessert die Ausdauer.
doc-0015,travel,Ein kleiner Rucksack erleichtert den Wechsel zwischen mehreren Verkehrsmitteln. Eine digitale Karte funktioniert auch ohne aktive Internetverbindung. Der Zug erreicht den Hauptbahnhof am frühen Nachmittag. Am Abend besuchen die Gäste ein kleines Konzert im Freien. Die Gruppe plant genügend Zeit für unerwartete Verzögerungen ein. Lokale Märkte bieten regionale Speisen und handwerkliche Produkte. Eine Reservierung ist in der Hauptsaison oft sinnvoll. Der Reiseführer erklärt die Geschichte der wichtigsten Gebäude. Das Wetter kann sich in den Bergen innerhalb kurzer Zeit ändern.
doc-0016,work,"Ein ruhiger Arbeitsplatz unterstützt konzentriertes Arbeiten. Pausen und feste Arbeitszeiten helfen, langfristig leistungsfähig zu bleiben. Wissen wird in verständlichen Dokumenten für andere festgehalten. Das Team bespricht am Morgen die wichtigsten Aufgaben des Tages. Die Besprechung endet mit klaren nächsten Schritten. Eine realistische Planung berücksichtigt auch unerwartete Probleme."
doc-0017,science,"Unsicherheit wird zusammen mit dem Messwert angegeben. Die Forschenden dokumentieren Messwerte und mögliche Fehlerquellen. Eine grafische Darstellung macht auffällige Muster sichtbar. Die Methode wird so beschrieben, dass andere sie nachvollziehen können. Neue Ergebnisse werden mit früheren Studien verglichen. Die Genauigkeit steigt häufig mit der Zahl sauberer Beobachtungen. Ein Modell vereinfacht die Wirklichkeit und hat deshalb klare Grenzen."
doc-0018,culture,"Lokale Musikgruppen treten auf einem kleinen Stadtfest auf. Das Theater verbindet klassische Texte mit moderner Bühnentechnik. Traditionen verändern sich, wenn neue Generationen sie weiterentwickeln. Digitale Sammlungen machen seltene Dokumente leichter zugänglich. Kulturelle Angebote schaffen Räume für gemeinsame Erfahrungen. Literatur kann gesellschaftliche Konflikte aus ungewohnter Sicht zeigen."
doc-0019,sports,Nach einer Verletzung wird die Belastung langsam wieder erhöht. Der Trainer passt die Belastung an den aktuellen Leistungsstand an. Messbare Zwischenziele machen Fortschritte besser sichtbar. Kurze intensive Einheiten benötigen ausreichende Erholung. Krafttraining ergänzt viele Ausdauersportarten sinnvoll. Fairness bleibt auch in einer engen Wettbewerbssituation wichtig. Der Verein bietet Anfängerinnen und Anfängern eigene Trainingszeiten an. Eine saubere Technik reduziert das Risiko unnötiger Verletzungen. Das Team analysiert nach dem Spiel erfolgreiche und schwache Situationen.
doc-0020,daily_life,Ein einfacher Wochenplan verteilt Aufgaben übersichtlich. Vor dem Urlaub werden Fenster und elektrische Geräte kontrolliert. Die Nachbarn teilen sich einige selten benötigte Werkzeuge. Die Kinder bereiten ihre Schulsachen am Vorabend vor. Gemeinsame Mahlzeiten bieten Zeit für ruhige Gespräche. Die Familie plant die Einkäufe für die gesamte Woche. Nach dem Essen wird die Küche gemeinsam aufgeräumt. Ein fester Platz für Schlüssel spart täglich Zeit.
doc-0021,education,"Regelmäßige Wiederholung verbessert die langfristige Erinnerung. Fehler werden nicht bestraft, sondern als Hinweis für die nächste Übung genutzt. Viele Lernende profitieren von kleinen und erreichbaren Zwischenzielen. Die Auswertung unterscheidet zwischen Erkennen und selbstständigem Anwenden. Ein strukturierter Lernplan reduziert unnötige Wiederholungen. Kurze Tests zeigen, welche Begriffe noch unsicher sind. Die Lernplattform passt die Schwierigkeit an die bisherigen Antworten an. Neue Aufgaben sollten bekannte Inhalte in einem anderen Kontext prüfen. Digitale Übungen können den individuellen Lernfortschritt sichtbar machen."
doc-0022,technology,"Große Datenmengen werden schrittweise statt vollständig im Speicher verarbeitet. Eine Warteschlange entkoppelt langsame Hintergrundaufgaben. Das Entwicklungsteam überwacht die Anwendung mit automatisierten Metriken. Automatisierte Tests prüfen zentrale Funktionen vor jeder Veröffentlichung. Messwerte zeigen, an welcher Stelle die meiste Zeit verloren geht. Der Dienst verarbeitet viele kleine Anfragen parallel."
doc-0023,environment,Naturnahe Flächen bieten Insekten und Vögeln wichtigen Lebensraum. Kleine Veränderungen im Alltag senken den persönlichen Energieverbrauch. Die Gemeinde informiert über Maßnahmen gegen unnötigen Müll. Regionale Produkte vermeiden lange Transportwege. Solaranlagen liefern auch an kühlen Tagen elektrische Energie. Ein sparsamer Umgang mit Wasser schützt lokale Reserven. Der Fluss wird regelmäßig auf Schadstoffe untersucht. Mehrwegverpackungen können den Verbrauch von Kunststoff verringern. Die Messstation erfasst Luftqualität und Lärm zu verschiedenen Tageszeiten.
doc-0024,health,Die Ärztin erklärt die Wirkung und mögliche Nebenwirkungen des Medikaments. Kurze Pausen helfen bei langer Arbeit am Bildschirm. Sauberes Trinkwasser ist eine wichtige Grundlage der Gesundheit. Soziale Kontakte wirken sich positiv auf das Wohlbefinden aus. Entspannungstechniken können den Umgang mit Stress erleichtern. Kleine Gewohnheiten sind oft leichter dauerhaft umzusetzen. Eine gute Körperhaltung entlastet Rücken und Schultern.
doc-0025,travel,Ein kleiner Rucksack erleichtert den Wechsel zwischen mehreren Verkehrsmitteln. Der Reiseführer erklärt die Geschichte der wichtigsten Gebäude. Die Gruppe plant genügend Zeit für unerwartete Verzögerungen ein. Mit einer Tageskarte lassen sich Busse und Bahnen flexibel nutzen. Lokale Märkte bieten regionale Speisen und handwerkliche Produkte. Eine digitale Karte funktioniert auch ohne aktive Internetverbindung. Reisende prüfen vor der Abfahrt die aktuelle Verbindung. Am Abend besuchen die Gäste ein kleines Konzert im Freien.
doc-0026,work,"Pausen und feste Arbeitszeiten helfen, langfristig leistungsfähig zu bleiben. Die Projektleitung priorisiert Aufgaben nach Nutzen und Aufwand. Neue Mitarbeitende erhalten eine strukturierte Einführung. Automatisierung reduziert wiederkehrende manuelle Tätigkeiten. Die Qualität eines Ergebnisses wird anhand vorher definierter Kriterien geprüft. Eine realistische Planung berücksichtigt auch unerwartete Probleme."
doc-0027,science,Die Analyse trennt Korrelation und tatsächliche Ursache. Das Experiment wird unter denselben Bedingungen mehrfach wiederholt. Die Genauigkeit steigt häufig mit der Zahl sauberer Beobachtungen. Ausreißer werden geprüft und nicht automatisch entfernt. Offene Daten erleichtern die unabhängige Überprüfung einer Untersuchung. Ein Kontrollversuch hilft bei der Interpretation des Ergebnisses.
doc-0028,culture,"Ein Film kann historische Ereignisse aus persönlicher Perspektive erzählen. Eine Führung erklärt die Entstehung ausgewählter Bilder. Das Museum zeigt Werke aus mehreren historischen Epochen. Ein Übersetzer muss Bedeutung und Ton des Originals berücksichtigen. Kulturelle Angebote schaffen Räume für gemeinsame Erfahrungen. Die Gestaltung eines öffentlichen Platzes prägt das Leben im Viertel. Ein Archiv bewahrt Briefe, Fotos und andere historische Quellen."
doc-0029,sports,Der Trainer passt die Belastung an den aktuellen Leistungsstand an. Gemeinsame Ziele stärken die Motivation innerhalb der Gruppe. Ausdauer entsteht durch langfristiges und gleichmäßiges Training. Eine ausgewogene Ernährung unterstützt Training und Regeneration. Die Mannschaft beginnt das Training mit einer gründlichen Aufwärmphase. Kurze intensive Einheiten benötigen ausreichende Erholung. Eine saubere Technik reduziert das Risiko unnötiger Verletzungen. Der Verein bietet Anfängerinnen und Anfängern eigene Trainingszeiten an.
doc-0030,daily_life,Der Bus fährt werktags alle zehn Minuten. Ein einfacher Wochenplan verteilt Aufgaben übersichtlich. Am Wochenende wird das Fahrrad gründlich gereinigt. Ein fester Platz für Schlüssel spart täglich Zeit. Das Paket kann am Abend in einer Abholstation abgeholt werden. Eine Einkaufsliste verhindert unnötige spontane Käufe. Am Morgen öffnet die Bäckerei bereits vor sieben Uhr. Vor dem Urlaub werden Fenster und elektrische Geräte kontrolliert.
doc-0031,education,"Kurze Tests zeigen, welche Begriffe noch unsicher sind. Die Auswertung unterscheidet zwischen Erkennen und selbstständigem Anwenden. Neue Aufgaben sollten bekannte Inhalte in einem anderen Kontext prüfen. Ein strukturierter Lernplan reduziert unnötige Wiederholungen. Die Lernplattform passt die Schwierigkeit an die bisherigen Antworten an. Die Lehrkraft verbindet Grammatik mit konkreten Alltagssituationen. Das aktive Abrufen ist oft wirksamer als das bloße Lesen."
doc-0032,technology,"Ein Versionssystem dokumentiert jede Änderung am Quellcode. Die Konfiguration wird getrennt vom Programmcode verwaltet. Große Datenmengen werden schrittweise statt vollständig im Speicher verarbeitet. Ein klarer Vertrag zwischen Modulen verhindert unnötige Abhängigkeiten. Automatisierte Tests prüfen zentrale Funktionen vor jeder Veröffentlichung. Messwerte zeigen, an welcher Stelle die meiste Zeit verloren geht. Eine stabile Schnittstelle erleichtert die Integration neuer Komponenten. Eine Warteschlange entkoppelt langsame Hintergrundaufgaben."
doc-0033,environment,Die Messstation erfasst Luftqualität und Lärm zu verschiedenen Tageszeiten. Solaranlagen liefern auch an kühlen Tagen elektrische Energie. Regionale Produkte vermeiden lange Transportwege. Der Fluss wird regelmäßig auf Schadstoffe untersucht. Kleine Veränderungen im Alltag senken den persönlichen Energieverbrauch. Mehrwegverpackungen können den Verbrauch von Kunststoff verringern. Öffentliche Verkehrsmittel reduzieren den Verkehr in der Innenstadt.
doc-0034,health,"Soziale Kontakte wirken sich positiv auf das Wohlbefinden aus. Entspannungstechniken können den Umgang mit Stress erleichtern. Eine ausgewogene Mahlzeit enthält Gemüse, Eiweiß und komplexe Kohlenhydrate. Ein realistischer Trainingsplan verhindert unnötige Überlastung. Bei starken oder anhaltenden Symptomen ist professionelle Beratung notwendig. Die Ärztin erklärt die Wirkung und mögliche Nebenwirkungen des Medikaments. Eine gute Körperhaltung entlastet Rücken und Schultern. Viele Beschwerden lassen sich durch frühe Untersuchung besser behandeln. Regelmäßige Bewegung stärkt den Kreislauf und verbessert die Ausdauer."
doc-0035,travel,Der Reiseführer erklärt die Geschichte der wichtigsten Gebäude. Lokale Märkte bieten regionale Speisen und handwerkliche Produkte. Eine Reiseversicherung deckt bestimmte unvorhergesehene Kosten ab. Am Bahnhof gibt es Schließfächer für größeres Gepäck. Reisende prüfen vor der Abfahrt die aktuelle Verbindung. Der Zug erreicht den Hauptbahnhof am frühen Nachmittag. Das Wetter kann sich in den Bergen innerhalb kurzer Zeit ändern. Mit einer Tageskarte lassen sich Busse und Bahnen flexibel nutzen.
doc-0036,work,Eine realistische Planung berücksichtigt auch unerwartete Probleme. Automatisierung reduziert wiederkehrende manuelle Tätigkeiten. Ein kurzes Protokoll hält Entscheidungen und offene Punkte fest. Neue Mitarbeitende erhalten eine strukturierte Einführung. Die Qualität eines Ergebnisses wird anhand vorher definierter Kriterien geprüft. Ein ruhiger Arbeitsplatz unterstützt konzentriertes Arbeiten.
doc-0037,science,"Die Methode wird so beschrieben, dass andere sie nachvollziehen können. Die Analyse trennt Korrelation und tatsächliche Ursache. Die Schlussfolgerung darf nicht über die erhobenen Daten hinausgehen. Die Stichprobe sollte die untersuchte Gruppe möglichst gut abbilden. Neue Ergebnisse werden mit früheren Studien verglichen. Ein Kontrollversuch hilft bei der Interpretation des Ergebnisses."
doc-0038,culture,"Die Bibliothek organisiert regelmäßig Lesungen und Gespräche. Kulturelle Angebote schaffen Räume für gemeinsame Erfahrungen. Die Ausstellung stellt verschiedene Sichtweisen nebeneinander. Digitale Sammlungen machen seltene Dokumente leichter zugänglich. Ein Übersetzer muss Bedeutung und Ton des Originals berücksichtigen. Traditionen verändern sich, wenn neue Generationen sie weiterentwickeln. Eine Führung erklärt die Entstehung ausgewählter Bilder."
doc-0039,sports,Krafttraining ergänzt viele Ausdauersportarten sinnvoll. Messbare Zwischenziele machen Fortschritte besser sichtbar. Kurze intensive Einheiten benötigen ausreichende Erholung. Eine saubere Technik reduziert das Risiko unnötiger Verletzungen. Regelmäßiges Üben verbessert Koordination und Reaktionsfähigkeit. Der Trainer passt die Belastung an den aktuellen Leistungsstand an. Die Läuferin kontrolliert ihr Tempo auf den ersten Kilometern.
doc-0040,daily_life,Die Kinder bereiten ihre Schulsachen am Vorabend vor. Das Paket kann am Abend in einer Abholstation abgeholt werden. Die Familie plant die Einkäufe für die gesamte Woche. Am Morgen öffnet die Bäckerei bereits vor sieben Uhr. Vor dem Urlaub werden Fenster und elektrische Geräte kontrolliert. Der Bus fährt werktags alle zehn Minuten. Eine Erinnerung im Kalender hilft bei wichtigen Terminen. Die Nachbarn teilen sich einige selten benötigte Werkzeuge. Ein einfacher Wochenplan verteilt Aufgaben übersichtlich.
doc-0041,education,"Viele Lernende profitieren von kleinen und erreichbaren Zwischenzielen. Die Lernenden wiederholen neue Wörter in kurzen Abständen. Die Lernplattform passt die Schwierigkeit an die bisherigen Antworten an. Eine klare Rückmeldung hilft beim Korrigieren typischer Fehler. Die Auswertung unterscheidet zwischen Erkennen und selbstständigem Anwenden. Das aktive Abrufen ist oft wirksamer als das bloße Lesen. Kurze Tests zeigen, welche Begriffe noch unsicher sind."
doc-0042,technology,"Die Architektur trennt Geschäftslogik und Benutzerschnittstelle. Eine stabile Schnittstelle erleichtert die Integration neuer Komponenten. Der Dienst verarbeitet viele kleine Anfragen parallel. Die Konfiguration wird getrennt vom Programmcode verwaltet. Messwerte zeigen, an welcher Stelle die meiste Zeit verloren geht. Große Datenmengen werden schrittweise statt vollständig im Speicher verarbeitet. Die Daten werden verschlüsselt übertragen und nur kurz zwischengespeichert. Eine Warteschlange entkoppelt langsame Hintergrundaufgaben."
doc-0043,environment,Kleine Veränderungen im Alltag senken den persönlichen Energieverbrauch. Ein sparsamer Umgang mit Wasser schützt lokale Reserven. Öffentliche Verkehrsmittel reduzieren den Verkehr in der Innenstadt. Die Gemeinde informiert über Maßnahmen gegen unnötigen Müll. Neue Gebäude benötigen weniger Energie für Heizung und Kühlung. Solaranlagen liefern auch an kühlen Tagen elektrische Energie.
doc-0044,health,Bei starken oder anhaltenden Symptomen ist professionelle Beratung notwendig. Soziale Kontakte wirken sich positiv auf das Wohlbefinden aus. Sauberes Trinkwasser ist eine wichtige Grundlage der Gesundheit. Kurze Pausen helfen bei langer Arbeit am Bildschirm. Regelmäßiges Lüften verbessert die Luft in geschlossenen Räumen. Kleine Gewohnheiten sind oft leichter dauerhaft umzusetzen.
doc-0045,travel,Ein kleiner Rucksack erleichtert den Wechsel zwischen mehreren Verkehrsmitteln. Am Bahnhof gibt es Schließfächer für größeres Gepäck. Mit einer Tageskarte lassen sich Busse und Bahnen flexibel nutzen. Reisende prüfen vor der Abfahrt die aktuelle Verbindung. Der Zug erreicht den Hauptbahnhof am frühen Nachmittag. Eine digitale Karte funktioniert auch ohne aktive Internetverbindung. Lokale Märkte bieten regionale Speisen und handwerkliche Produkte. Eine Reiseversicherung deckt bestimmte unvorhergesehene Kosten ab. Das Hotel liegt in der Nähe des historischen Stadtzentrums.
doc-0046,work,"Die Besprechung endet mit klaren nächsten Schritten. Ein kurzes Protokoll hält Entscheidungen und offene Punkte fest. Rückfragen werden möglichst früh und konkret formuliert. Pausen und feste Arbeitszeiten helfen, langfristig leistungsfähig zu bleiben. Automatisierung reduziert wiederkehrende manuelle Tätigkeiten. Die Projektleitung priorisiert Aufgaben nach Nutzen und Aufwand. Eine realistische Planung berücksichtigt auch unerwartete Probleme. Neue Mitarbeitende erhalten eine strukturierte Einführung. Ein ruhiger Arbeitsplatz unterstützt konzentriertes Arbeiten."
doc-0047,science,"Ein Modell vereinfacht die Wirklichkeit und hat deshalb klare Grenzen. Eine Hypothese muss durch beobachtbare Daten überprüfbar sein. Offene Daten erleichtern die unabhängige Überprüfung einer Untersuchung. Die Methode wird so beschrieben, dass andere sie nachvollziehen können. Ein Kontrollversuch hilft bei der Interpretation des Ergebnisses. Die Schlussfolgerung darf nicht über die erhobenen Daten hinausgehen. Die Forschenden dokumentieren Messwerte und mögliche Fehlerquellen. Eine grafische Darstellung macht auffällige Muster sichtbar."
doc-0048,culture,"Die Bibliothek organisiert regelmäßig Lesungen und Gespräche. Ein Archiv bewahrt Briefe, Fotos und andere historische Quellen. Ein Übersetzer muss Bedeutung und Ton des Originals berücksichtigen. Die Gestaltung eines öffentlichen Platzes prägt das Leben im Viertel. Die Besucher diskutieren nach der Vorstellung über ihre Eindrücke. Die Ausstellung stellt verschiedene Sichtweisen nebeneinander. Das Theater verbindet klassische Texte mit moderner Bühnentechnik. Traditionen verändern sich, wenn neue Generationen sie weiterentwickeln. Eine Führung erklärt die Entstehung ausgewählter Bilder."
doc-0049,sports,Gemeinsame Ziele stärken die Motivation innerhalb der Gruppe. Nach einer Verletzung wird die Belastung langsam wieder erhöht. Das Team analysiert nach dem Spiel erfolgreiche und schwache Situationen. Fairness bleibt auch in einer engen Wettbewerbssituation wichtig. Kurze intensive Einheiten benötigen ausreichende Erholung. Ausdauer entsteht durch langfristiges und gleichmäßiges Training.
doc-0050,daily_life,Gemeinsame Mahlzeiten bieten Zeit für ruhige Gespräche. Die Familie plant die Einkäufe für die gesamte Woche. Vor dem Urlaub werden Fenster und elektrische Geräte kontrolliert. Am Wochenende wird das Fahrrad gründlich gereinigt. Eine Erinnerung im Kalender hilft bei wichtigen Terminen. Nach dem Essen wird die Küche gemeinsam aufgeräumt.
doc-0051,education,"Die Lehrkraft verbindet Grammatik mit konkreten Alltagssituationen. Regelmäßige Wiederholung verbessert die langfristige Erinnerung. Die Lernplattform passt die Schwierigkeit an die bisherigen Antworten an. Ein strukturierter Lernplan reduziert unnötige Wiederholungen. Fehler werden nicht bestraft, sondern als Hinweis für die nächste Übung genutzt. Die Gruppe diskutiert verschiedene Lösungen und begründet ihre Wahl. Digitale Übungen können den individuellen Lernfortschritt sichtbar machen."
doc-0052,technology,"Die Architektur trennt Geschäftslogik und Benutzerschnittstelle. Ein Versionssystem dokumentiert jede Änderung am Quellcode. Protokolle helfen bei der Suche nach seltenen Fehlern. Die Konfiguration wird getrennt vom Programmcode verwaltet. Automatisierte Tests prüfen zentrale Funktionen vor jeder Veröffentlichung. Messwerte zeigen, an welcher Stelle die meiste Zeit verloren geht."
doc-0053,environment,Bäume senken im Sommer die Temperatur dicht bebauter Straßen. Die Stadt erweitert das Netz sicherer Fahrradwege. Regionale Produkte vermeiden lange Transportwege. Die Messstation erfasst Luftqualität und Lärm zu verschiedenen Tageszeiten. Neue Gebäude benötigen weniger Energie für Heizung und Kühlung. Öffentliche Verkehrsmittel reduzieren den Verkehr in der Innenstadt. Der Fluss wird regelmäßig auf Schadstoffe untersucht. Ein sparsamer Umgang mit Wasser schützt lokale Reserven. Solaranlagen liefern auch an kühlen Tagen elektrische Energie.
doc-0054,health,"Sauberes Trinkwasser ist eine wichtige Grundlage der Gesundheit. Eine gute Körperhaltung entlastet Rücken und Schultern. Die Ärztin erklärt die Wirkung und mögliche Nebenwirkungen des Medikaments. Soziale Kontakte wirken sich positiv auf das Wohlbefinden aus. Eine ausgewogene Mahlzeit enthält Gemüse, Eiweiß und komplexe Kohlenhydrate. Ein realistischer Trainingsplan verhindert unnötige Überlastung."
doc-0055,travel,Ein kleiner Rucksack erleichtert den Wechsel zwischen mehreren Verkehrsmitteln. Der Reiseführer erklärt die Geschichte der wichtigsten Gebäude. Eine digitale Karte funktioniert auch ohne aktive Internetverbindung. Mit einer Tageskarte lassen sich Busse und Bahnen flexibel nutzen. Lokale Märkte bieten regionale Speisen und handwerkliche Produkte. Die Gruppe plant genügend Zeit für unerwartete Verzögerungen ein. Reisende prüfen vor der Abfahrt die aktuelle Verbindung.
doc-0056,work,Neue Mitarbeitende erhalten eine strukturierte Einführung. Eine realistische Planung berücksichtigt auch unerwartete Probleme. Ein ruhiger Arbeitsplatz unterstützt konzentriertes Arbeiten. Die Besprechung endet mit klaren nächsten Schritten. Automatisierung reduziert wiederkehrende manuelle Tätigkeiten. Das Team bespricht am Morgen die wichtigsten Aufgaben des Tages. Regelmäßige Gespräche verbessern die Zusammenarbeit im Team.
doc-0057,science,Ein Modell vereinfacht die Wirklichkeit und hat deshalb klare Grenzen. Unsicherheit wird zusammen mit dem Messwert angegeben. Ausreißer werden geprüft und nicht automatisch entfernt. Eine Hypothese muss durch beobachtbare Daten überprüfbar sein. Ein Kontrollversuch hilft bei der Interpretation des Ergebnisses. Die Stichprobe sollte die untersuchte Gruppe möglichst gut abbilden. Die Genauigkeit steigt häufig mit der Zahl sauberer Beobachtungen. Offene Daten erleichtern die unabhängige Überprüfung einer Untersuchung. Die Analyse trennt Korrelation und tatsächliche Ursache.
doc-0058,culture,"Die Ausstellung stellt verschiedene Sichtweisen nebeneinander. Ein Archiv bewahrt Briefe, Fotos und andere historische Quellen. Die Gestaltung eines öffentlichen Platzes prägt das Leben im Viertel. Traditionen verändern sich, wenn neue Generationen sie weiterentwickeln. Kulturelle Angebote schaffen Räume für gemeinsame Erfahrungen. Eine Führung erklärt die Entstehung ausgewählter Bilder. Die Bibliothek organisiert regelmäßig Lesungen und Gespräche. Lokale Musikgruppen treten auf einem kleinen Stadtfest auf."
doc-0059,sports,Die Mannschaft beginnt das Training mit einer gründlichen Aufwärmphase. Krafttraining ergänzt viele Ausdauersportarten sinnvoll. Regelmäßiges Üben verbessert Koordination und Reaktionsfähigkeit. Nach einer Verletzung wird die Belastung langsam wieder erhöht. Eine ausgewogene Ernährung unterstützt Training und Regeneration. Der Trainer passt die Belastung an den aktuellen Leistungsstand an. Der Verein bietet Anfängerinnen und Anfängern eigene Trainingszeiten an. Messbare Zwischenziele machen Fortschritte besser sichtbar.
doc-0060,daily_life,Kleine Reparaturen werden möglichst früh erledigt. Der Bus fährt werktags alle zehn Minuten. Eine Erinnerung im Kalender hilft bei wichtigen Terminen. Eine Einkaufsliste verhindert unnötige spontane Käufe. Gemeinsame Mahlzeiten bieten Zeit für ruhige Gespräche. Die Nachbarn teilen sich einige selten benötigte Werkzeuge.
doc-0061,education,Die Lernenden wiederholen neue Wörter in kurzen Abständen. Das aktive Abrufen ist oft wirksamer als das bloße Lesen. Die Lehrkraft verbindet Grammatik mit konkreten Alltagssituationen. Viele Lernende profitieren von kleinen und erreichbaren Zwischenzielen. Eine klare Rückmeldung hilft beim Korrigieren typischer Fehler. Die Auswertung unterscheidet zwischen Erkennen und selbstständigem Anwenden. Die Lernplattform passt die Schwierigkeit an die bisherigen Antworten an. Die Gruppe diskutiert verschiedene Lösungen und begründet ihre Wahl.
doc-0062,technology,Die Konfiguration wird getrennt vom Programmcode verwaltet. Die Daten werden verschlüsselt übertragen und nur kurz zwischengespeichert. Automatisierte Tests prüfen zentrale Funktionen vor jeder Veröffentlichung. Die Architektur trennt Geschäftslogik und Benutzerschnittstelle. Eine stabile Schnittstelle erleichtert die Integration neuer Komponenten. Das Entwicklungsteam überwacht die Anwendung mit automatisierten Metriken. Ein Versionssystem dokumentiert jede Änderung am Quellcode.
doc-0063,environment,Die Gemeinde informiert über Maßnahmen gegen unnötigen Müll. Mehrwegverpackungen können den Verbrauch von Kunststoff verringern. Die Messstation erfasst Luftqualität und Lärm zu verschiedenen Tageszeiten. Regionale Produkte vermeiden lange Transportwege. Bäume senken im Sommer die Temperatur dicht bebauter Straßen. Der Fluss wird regelmäßig auf Schadstoffe untersucht. Die Stadt erweitert das Netz sicherer Fahrradwege.
doc-0064,health,Ein realistischer Trainingsplan verhindert unnötige Überlastung. Kurze Pausen helfen bei langer Arbeit am Bildschirm. Viele Beschwerden lassen sich durch frühe Untersuchung besser behandeln. Bei starken oder anhaltenden Symptomen ist professionelle Beratung notwendig. Kleine Gewohnheiten sind oft leichter dauerhaft umzusetzen. Eine gute Körperhaltung entlastet Rücken und Schultern.
doc-0065,travel,Eine Reiseversicherung deckt bestimmte unvorhergesehene Kosten ab. Die Wanderroute führt durch einen ruhigen Wald und entlang eines Sees. Ein kleiner Rucksack erleichtert den Wechsel zwischen mehreren Verkehrsmitteln. Lokale Märkte bieten regionale Speisen und handwerkliche Produkte. Am Abend besuchen die Gäste ein kleines Konzert im Freien. Der Reiseführer erklärt die Geschichte der wichtigsten Gebäude. Mit einer Tageskarte lassen sich Busse und Bahnen flexibel nutzen. Eine digitale Karte funktioniert auch ohne aktive Internetverbindung. Die Gruppe plant genügend Zeit für unerwartete Verzögerungen ein.
doc-0066,work,"Komplexe Aufgaben werden in kleine überprüfbare Schritte zerlegt. Die Projektleitung priorisiert Aufgaben nach Nutzen und Aufwand. Eine realistische Planung berücksichtigt auch unerwartete Probleme. Regelmäßige Gespräche verbessern die Zusammenarbeit im Team. Das Team bespricht am Morgen die wichtigsten Aufgaben des Tages. Wissen wird in verständlichen Dokumenten für andere festgehalten. Pausen und feste Arbeitszeiten helfen, langfristig leistungsfähig zu bleiben."
doc-0067,science,"Ein Kontrollversuch hilft bei der Interpretation des Ergebnisses. Das Experiment wird unter denselben Bedingungen mehrfach wiederholt. Eine Hypothese muss durch beobachtbare Daten überprüfbar sein. Die Genauigkeit steigt häufig mit der Zahl sauberer Beobachtungen. Die Methode wird so beschrieben, dass andere sie nachvollziehen können. Unsicherheit wird zusammen mit dem Messwert angegeben."
doc-0068,culture,"Ein Film kann historische Ereignisse aus persönlicher Perspektive erzählen. Ein Archiv bewahrt Briefe, Fotos und andere historische Quellen. Literatur kann gesellschaftliche Konflikte aus ungewohnter Sicht zeigen. Die Gestaltung eines öffentlichen Platzes prägt das Leben im Viertel. Die Bibliothek organisiert regelmäßig Lesungen und Gespräche. Die Ausstellung stellt verschiedene Sichtweisen nebeneinander. Eine Führung erklärt die Entstehung ausgewählter Bilder. Lokale Musikgruppen treten auf einem kleinen Stadtfest auf. Kulturelle Angebote schaffen Räume für gemeinsame Erfahrungen."
doc-0069,sports,Nach einer Verletzung wird die Belastung langsam wieder erhöht. Der Trainer passt die Belastung an den aktuellen Leistungsstand an. Messbare Zwischenziele machen Fortschritte besser sichtbar. Gemeinsame Ziele stärken die Motivation innerhalb der Gruppe. Die Läuferin kontrolliert ihr Tempo auf den ersten Kilometern. Fairness bleibt auch in einer engen Wettbewerbssituation wichtig. Das Team analysiert nach dem Spiel erfolgreiche und schwache Situationen. Krafttraining ergänzt viele Ausdauersportarten sinnvoll.
doc-0070,daily_life,Die Nachbarn teilen sich einige selten benötigte Werkzeuge. Das Paket kann am Abend in einer Abholstation abgeholt werden. Am Wochenende wird das Fahrrad gründlich gereinigt. Gemeinsame Mahlzeiten bieten Zeit für ruhige Gespräche. Eine Erinnerung im Kalender hilft bei wichtigen Terminen. Ein einfacher Wochenplan verteilt Aufgaben übersichtlich. Vor dem Urlaub werden Fenster und elektrische Geräte kontrolliert.
doc-0071,education,"Das aktive Abrufen ist oft wirksamer als das bloße Lesen. Die Gruppe diskutiert verschiedene Lösungen und begründet ihre Wahl. Fehler werden nicht bestraft, sondern als Hinweis für die nächste Übung genutzt. Ein Beispiel aus dem Alltag erleichtert das Verständnis einer Regel. Die Lernplattform passt die Schwierigkeit an die bisherigen Antworten an. Kurze Tests zeigen, welche Begriffe noch unsicher sind."
doc-0072,technology,Die Anwendung kann einzelne Module unabhängig aktualisieren. Protokolle helfen bei der Suche nach seltenen Fehlern. Die Daten werden verschlüsselt übertragen und nur kurz zwischengespeichert. Eine stabile Schnittstelle erleichtert die Integration neuer Komponenten. Der Dienst verarbeitet viele kleine Anfragen parallel. Automatisierte Tests prüfen zentrale Funktionen vor jeder Veröffentlichung. Die Architektur trennt Geschäftslogik und Benutzerschnittstelle.
doc-0073,environment,"Naturnahe Flächen bieten Insekten und Vögeln wichtigen Lebensraum. Viele Haushalte trennen Papier, Glas und Bioabfall. Bäume senken im Sommer die Temperatur dicht bebauter Straßen. Ein sparsamer Umgang mit Wasser schützt lokale Reserven. Die Gemeinde informiert über Maßnahmen gegen unnötigen Müll. Landwirte testen Methoden zum Schutz fruchtbarer Böden."
doc-0074,health,"Eine gute Körperhaltung entlastet Rücken und Schultern. Bei starken oder anhaltenden Symptomen ist professionelle Beratung notwendig. Soziale Kontakte wirken sich positiv auf das Wohlbefinden aus. Gesundheitsdaten sollten vertraulich und nachvollziehbar verarbeitet werden. Ausreichender Schlaf unterstützt Konzentration und Erholung. Eine ausgewogene Mahlzeit enthält Gemüse, Eiweiß und komplexe Kohlenhydrate. Viele Beschwerden lassen sich durch frühe Untersuchung besser behandeln."
doc-0075,travel,Am Bahnhof gibt es Schließfächer für größeres Gepäck. Der Zug erreicht den Hauptbahnhof am frühen Nachmittag. Ein kleiner Rucksack erleichtert den Wechsel zwischen mehreren Verkehrsmitteln. Eine Reservierung ist in der Hauptsaison oft sinnvoll. Der Reiseführer erklärt die Geschichte der wichtigsten Gebäude. Reisende prüfen vor der Abfahrt die aktuelle Verbindung. Lokale Märkte bieten regionale Speisen und handwerkliche Produkte.
doc-0076,work,"Automatisierung reduziert wiederkehrende manuelle Tätigkeiten. Neue Mitarbeitende erhalten eine strukturierte Einführung. Komplexe Aufgaben werden in kleine überprüfbare Schritte zerlegt. Eine realistische Planung berücksichtigt auch unerwartete Probleme. Rückfragen werden möglichst früh und konkret formuliert. Pausen und feste Arbeitszeiten helfen, langfristig leistungsfähig zu bleiben. Wissen wird in verständlichen Dokumenten für andere festgehalten."
doc-0077,science,Die Stichprobe sollte die untersuchte Gruppe möglichst gut abbilden. Eine Hypothese muss durch beobachtbare Daten überprüfbar sein. Ausreißer werden geprüft und nicht automatisch entfernt. Die Genauigkeit steigt häufig mit der Zahl sauberer Beobachtungen. Ein Kontrollversuch hilft bei der Interpretation des Ergebnisses. Die Analyse trennt Korrelation und tatsächliche Ursache. Ein Modell vereinfacht die Wirklichkeit und hat deshalb klare Grenzen. Eine grafische Darstellung macht auffällige Muster sichtbar. Das Experiment wird unter denselben Bedingungen mehrfach wiederholt.
doc-0078,culture,"Eine Führung erklärt die Entstehung ausgewählter Bilder. Ein Übersetzer muss Bedeutung und Ton des Originals berücksichtigen. Traditionen verändern sich, wenn neue Generationen sie weiterentwickeln. Literatur kann gesellschaftliche Konflikte aus ungewohnter Sicht zeigen. Digitale Sammlungen machen seltene Dokumente leichter zugänglich. Die Gestaltung eines öffentlichen Platzes prägt das Leben im Viertel. Ein Film kann historische Ereignisse aus persönlicher Perspektive erzählen. Die Ausstellung stellt verschiedene Sichtweisen nebeneinander. Lokale Musikgruppen treten auf einem kleinen Stadtfest auf."
doc-0079,sports,Fairness bleibt auch in einer engen Wettbewerbssituation wichtig. Ausdauer entsteht durch langfristiges und gleichmäßiges Training. Kurze intensive Einheiten benötigen ausreichende Erholung. Der Trainer passt die Belastung an den aktuellen Leistungsstand an. Der Verein bietet Anfängerinnen und Anfängern eigene Trainingszeiten an. Die Läuferin kontrolliert ihr Tempo auf den ersten Kilometern. Messbare Zwischenziele machen Fortschritte besser sichtbar. Die Mannschaft beginnt das Training mit einer gründlichen Aufwärmphase.
doc-0080,daily_life,Nach dem Essen wird die Küche gemeinsam aufgeräumt. Eine Einkaufsliste verhindert unnötige spontane Käufe. Ein einfacher Wochenplan verteilt Aufgaben übersichtlich. Die Nachbarn teilen sich einige selten benötigte Werkzeuge. Am Wochenende wird das Fahrrad gründlich gereinigt. Kleine Reparaturen werden möglichst früh erledigt. Am Morgen öffnet die Bäckerei bereits vor sieben Uhr. Vor dem Urlaub werden Fenster und elektrische Geräte kontrolliert. Der Bus fährt werktags alle zehn Minuten.
doc-0081,education,"Digitale Übungen können den individuellen Lernfortschritt sichtbar machen. Die Gruppe diskutiert verschiedene Lösungen und begründet ihre Wahl. Kurze Tests zeigen, welche Begriffe noch unsicher sind. Das aktive Abrufen ist oft wirksamer als das bloße Lesen. Die Lehrkraft verbindet Grammatik mit konkreten Alltagssituationen. Regelmäßige Wiederholung verbessert die langfristige Erinnerung. Fehler werden nicht bestraft, sondern als Hinweis für die nächste Übung genutzt."
doc-0082,technology,"Ein Cache verkürzt die Antwortzeit bei häufigen Abfragen. Messwerte zeigen, an welcher Stelle die meiste Zeit verloren geht. Die Anwendung kann einzelne Module unabhängig aktualisieren. Ein Versionssystem dokumentiert jede Änderung am Quellcode. Automatisierte Tests prüfen zentrale Funktionen vor jeder Veröffentlichung. Das Entwicklungsteam überwacht die Anwendung mit automatisierten Metriken. Die Konfiguration wird getrennt vom Programmcode verwaltet."
doc-0083,environment,Die Gemeinde informiert über Maßnahmen gegen unnötigen Müll. Solaranlagen liefern auch an kühlen Tagen elektrische Energie. Die Stadt erweitert das Netz sicherer Fahrradwege. Regionale Produkte vermeiden lange Transportwege. Neue Gebäude benötigen weniger Energie für Heizung und Kühlung. Der Fluss wird regelmäßig auf Schadstoffe untersucht. Landwirte testen Methoden zum Schutz fruchtbarer Böden. Mehrwegverpackungen können den Verbrauch von Kunststoff verringern.
doc-0084,health,"Soziale Kontakte wirken sich positiv auf das Wohlbefinden aus. Regelmäßige Bewegung stärkt den Kreislauf und verbessert die Ausdauer. Regelmäßiges Lüften verbessert die Luft in geschlossenen Räumen. Kurze Pausen helfen bei langer Arbeit am Bildschirm. Die Ärztin erklärt die Wirkung und mögliche Nebenwirkungen des Medikaments. Eine ausgewogene Mahlzeit enthält Gemüse, Eiweiß und komplexe Kohlenhydrate. Viele Beschwerden lassen sich durch frühe Untersuchung besser behandeln. Sauberes Trinkwasser ist eine wichtige Grundlage der Gesundheit. Ausreichender Schlaf unterstützt Konzentration und Erholung."
doc-0085,travel,Am Abend besuchen die Gäste ein kleines Konzert im Freien. Ein kleiner Rucksack erleichtert den Wechsel zwischen mehreren Verkehrsmitteln. Eine Reiseversicherung deckt bestimmte unvorhergesehene Kosten ab. Die Gruppe plant genügend Zeit für unerwartete Verzögerungen ein. Reisende prüfen vor der Abfahrt die aktuelle Verbindung. Das Hotel liegt in der Nähe des historischen Stadtzentrums.
doc-0086,work,"Neue Mitarbeitende erhalten eine strukturierte Einführung. Pausen und feste Arbeitszeiten helfen, langfristig leistungsfähig zu bleiben. Wissen wird in verständlichen Dokumenten für andere festgehalten. Regelmäßige Gespräche verbessern die Zusammenarbeit im Team. Die Qualität eines Ergebnisses wird anhand vorher definierter Kriterien geprüft. Automatisierung reduziert wiederkehrende manuelle Tätigkeiten."
doc-0087,science,Ausreißer werden geprüft und nicht automatisch entfernt. Die Stichprobe sollte die untersuchte Gruppe möglichst gut abbilden. Die Genauigkeit steigt häufig mit der Zahl sauberer Beobachtungen. Die Forschenden dokumentieren Messwerte und mögliche Fehlerquellen. Ein Kontrollversuch hilft bei der Interpretation des Ergebnisses. Neue Ergebnisse werden mit früheren Studien verglichen.
doc-0088,culture,Literatur kann gesellschaftliche Konflikte aus ungewohnter Sicht zeigen. Kulturelle Angebote schaffen Räume für gemeinsame Erfahrungen. Lokale Musikgruppen treten auf einem kleinen Stadtfest auf. Die Gestaltung eines öffentlichen Platzes prägt das Leben im Viertel. Die Bibliothek organisiert regelmäßig Lesungen und Gespräche. Das Museum zeigt Werke aus mehreren historischen Epochen. Die Besucher diskutieren nach der Vorstellung über ihre Eindrücke. Ein Übersetzer muss Bedeutung und Ton des Originals berücksichtigen. Eine Führung erklärt die Entstehung ausgewählter Bilder.
doc-0089,sports,Gemeinsame Ziele stärken die Motivation innerhalb der Gruppe. Die Mannschaft beginnt das Training mit einer gründlichen Aufwärmphase. Der Verein bietet Anfängerinnen und Anfängern eigene Trainingszeiten an. Nach einer Verletzung wird die Belastung langsam wieder erhöht. Der Trainer passt die Belastung an den aktuellen Leistungsstand an. Regelmäßiges Üben verbessert Koordination und Reaktionsfähigkeit. Die Läuferin kontrolliert ihr Tempo auf den ersten Kilometern. Kurze intensive Einheiten benötigen ausreichende Erholung. Ausdauer entsteht durch langfristiges und gleichmäßiges Training.
doc-0090,daily_life,Der Bus fährt werktags alle zehn Minuten. Kleine Reparaturen werden möglichst früh erledigt. Das Paket kann am Abend in einer Abholstation abgeholt werden. Die Kinder bereiten ihre Schulsachen am Vorabend vor. Die Familie plant die Einkäufe für die gesamte Woche. Gemeinsame Mahlzeiten bieten Zeit für ruhige Gespräche. Die Nachbarn teilen sich einige selten benötigte Werkzeuge. Ein einfacher Wochenplan verteilt Aufgaben übersichtlich. Eine Erinnerung im Kalender hilft bei wichtigen Terminen.
doc-0091,education,"Viele Lernende profitieren von kleinen und erreichbaren Zwischenzielen. Ein strukturierter Lernplan reduziert unnötige Wiederholungen. Die Lehrkraft verbindet Grammatik mit konkreten Alltagssituationen. Digitale Übungen können den individuellen Lernfortschritt sichtbar machen. Fehler werden nicht bestraft, sondern als Hinweis für die nächste Übung genutzt. Die Auswertung unterscheidet zwischen Erkennen und selbstständigem Anwenden. Regelmäßige Wiederholung verbessert die langfristige Erinnerung."
doc-0092,technology,"Eine Warteschlange entkoppelt langsame Hintergrundaufgaben. Automatisierte Tests prüfen zentrale Funktionen vor jeder Veröffentlichung. Die Daten werden verschlüsselt übertragen und nur kurz zwischengespeichert. Die Konfiguration wird getrennt vom Programmcode verwaltet. Ein Versionssystem dokumentiert jede Änderung am Quellcode. Protokolle helfen bei der Suche nach seltenen Fehlern. Messwerte zeigen, an welcher Stelle die meiste Zeit verloren geht. Eine stabile Schnittstelle erleichtert die Integration neuer Komponenten."
doc-0093,environment,"Kleine Veränderungen im Alltag senken den persönlichen Energieverbrauch. Bäume senken im Sommer die Temperatur dicht bebauter Straßen. Mehrwegverpackungen können den Verbrauch von Kunststoff verringern. Die Gemeinde informiert über Maßnahmen gegen unnötigen Müll. Öffentliche Verkehrsmittel reduzieren den Verkehr in der Innenstadt. Solaranlagen liefern auch an kühlen Tagen elektrische Energie. Der Fluss wird regelmäßig auf Schadstoffe untersucht. Naturnahe Flächen bieten Insekten und Vögeln wichtigen Lebensraum. Viele Haushalte trennen Papier, Glas und Bioabfall."
doc-0094,health,Regelmäßiges Lüften verbessert die Luft in geschlossenen Räumen. Soziale Kontakte wirken sich positiv auf das Wohlbefinden aus. Eine gute Körperhaltung entlastet Rücken und Schultern. Regelmäßige Bewegung stärkt den Kreislauf und verbessert die Ausdauer. Ein realistischer Trainingsplan verhindert unnötige Überlastung. Gesundheitsdaten sollten vertraulich und nachvollziehbar verarbeitet werden. Ausreichender Schlaf unterstützt Konzentration und Erholung.
doc-0095,travel,Mit einer Tageskarte lassen sich Busse und Bahnen flexibel nutzen. Der Reiseführer erklärt die Geschichte der wichtigsten Gebäude. Der Zug erreicht den Hauptbahnhof am frühen Nachmittag. Eine Reiseversicherung deckt bestimmte unvorhergesehene Kosten ab. Reisende prüfen vor der Abfahrt die aktuelle Verbindung. Eine digitale Karte funktioniert auch ohne aktive Internetverbindung. Eine Reservierung ist in der Hauptsaison oft sinnvoll. Das Wetter kann sich in den Bergen innerhalb kurzer Zeit ändern. Die Gruppe plant genügend Zeit für unerwartete Verzögerungen ein.
doc-0096,work,"Pausen und feste Arbeitszeiten helfen, langfristig leistungsfähig zu bleiben. Neue Mitarbeitende erhalten eine strukturierte Einführung. Die Projektleitung priorisiert Aufgaben nach Nutzen und Aufwand. Ein ruhiger Arbeitsplatz unterstützt konzentriertes Arbeiten. Regelmäßige Gespräche verbessern die Zusammenarbeit im Team. Klare Zuständigkeiten verhindern doppelte Arbeit. Die Qualität eines Ergebnisses wird anhand vorher definierter Kriterien geprüft. Rückfragen werden möglichst früh und konkret formuliert."
doc-0097,science,Offene Daten erleichtern die unabhängige Überprüfung einer Untersuchung. Eine grafische Darstellung macht auffällige Muster sichtbar. Die Genauigkeit steigt häufig mit der Zahl sauberer Beobachtungen. Neue Ergebnisse werden mit früheren Studien verglichen. Ein Kontrollversuch hilft bei der Interpretation des Ergebnisses. Ausreißer werden geprüft und nicht automatisch entfernt. Ein Modell vereinfacht die Wirklichkeit und hat deshalb klare Grenzen. Das Experiment wird unter denselben Bedingungen mehrfach wiederholt. Die Stichprobe sollte die untersuchte Gruppe möglichst gut abbilden.
doc-0098,culture,"Lokale Musikgruppen treten auf einem kleinen Stadtfest auf. Die Bibliothek organisiert regelmäßig Lesungen und Gespräche. Kulturelle Angebote schaffen Räume für gemeinsame Erfahrungen. Die Ausstellung stellt verschiedene Sichtweisen nebeneinander. Ein Archiv bewahrt Briefe, Fotos und andere historische Quellen. Die Besucher diskutieren nach der Vorstellung über ihre Eindrücke. Das Theater verbindet klassische Texte mit moderner Bühnentechnik. Das Museum zeigt Werke aus mehreren historischen Epochen. Ein Übersetzer muss Bedeutung und Ton des Originals berücksichtigen."
doc-0099,sports,Ausdauer entsteht durch langfristiges und gleichmäßiges Training. Fairness bleibt auch in einer engen Wettbewerbssituation wichtig. Das Team analysiert nach dem Spiel erfolgreiche und schwache Situationen. Die Mannschaft beginnt das Training mit einer gründlichen Aufwärmphase. Der Trainer passt die Belastung an den aktuellen Leistungsstand an. Die Läuferin kontrolliert ihr Tempo auf den ersten Kilometern.
doc-0100,daily_life,Am Wochenende wird das Fahrrad gründlich gereinigt. Die Kinder bereiten ihre Schulsachen am Vorabend vor. Kleine Reparaturen werden möglichst früh erledigt. Gemeinsame Mahlzeiten bieten Zeit für ruhige Gespräche. Die Familie plant die Einkäufe für die gesamte Woche. Eine Erinnerung im Kalender hilft bei wichtigen Terminen. Die Nachbarn teilen sich einige selten benötigte Werkzeuge.
doc-0101,education,Die Lehrkraft verbindet Grammatik mit konkreten Alltagssituationen. Neue Aufgaben sollten bekannte Inhalte in einem anderen Kontext prüfen. Die Auswertung unterscheidet zwischen Erkennen und selbstständigem Anwenden. Die Lernplattform passt die Schwierigkeit an die bisherigen Antworten an. Regelmäßige Wiederholung verbessert die langfristige Erinnerung. Eine klare Rückmeldung hilft beim Korrigieren typischer Fehler. Viele Lernende profitieren von kleinen und erreichbaren Zwischenzielen.
doc-0102,technology,Die Anwendung kann einzelne Module unabhängig aktualisieren. Automatisierte Tests prüfen zentrale Funktionen vor jeder Veröffentlichung. Ein klarer Vertrag zwischen Modulen verhindert unnötige Abhängigkeiten. Die Architektur trennt Geschäftslogik und Benutzerschnittstelle. Eine Warteschlange entkoppelt langsame Hintergrundaufgaben. Große Datenmengen werden schrittweise statt vollständig im Speicher verarbeitet. Das Entwicklungsteam überwacht die Anwendung mit automatisierten Metriken.
doc-0103,environment,"Die Messstation erfasst Luftqualität und Lärm zu verschiedenen Tageszeiten. Der Fluss wird regelmäßig auf Schadstoffe untersucht. Regionale Produkte vermeiden lange Transportwege. Viele Haushalte trennen Papier, Glas und Bioabfall. Naturnahe Flächen bieten Insekten und Vögeln wichtigen Lebensraum. Landwirte testen Methoden zum Schutz fruchtbarer Böden. Die Stadt erweitert das Netz sicherer Fahrradwege. Ein sparsamer Umgang mit Wasser schützt lokale Reserven."
doc-0104,health,"Regelmäßige Bewegung stärkt den Kreislauf und verbessert die Ausdauer. Soziale Kontakte wirken sich positiv auf das Wohlbefinden aus. Entspannungstechniken können den Umgang mit Stress erleichtern. Die Ärztin erklärt die Wirkung und mögliche Nebenwirkungen des Medikaments. Regelmäßiges Lüften verbessert die Luft in geschlossenen Räumen. Eine ausgewogene Mahlzeit enthält Gemüse, Eiweiß und komplexe Kohlenhydrate."
doc-0105,travel,Eine digitale Karte funktioniert auch ohne aktive Internetverbindung. Die Wanderroute führt durch einen ruhigen Wald und entlang eines Sees. Reisende prüfen vor der Abfahrt die aktuelle Verbindung. Am Bahnhof gibt es Schließfächer für größeres Gepäck. Das Wetter kann sich in den Bergen innerhalb kurzer Zeit ändern. Eine Reservierung ist in der Hauptsaison oft sinnvoll. Der Reiseführer erklärt die Geschichte der wichtigsten Gebäude. Der Zug erreicht den Hauptbahnhof am frühen Nachmittag.
doc-0106,work,Ein kurzes Protokoll hält Entscheidungen und offene Punkte fest. Rückfragen werden möglichst früh und konkret formuliert. Das Team bespricht am Morgen die wichtigsten Aufgaben des Tages. Neue Mitarbeitende erhalten eine strukturierte Einführung. Klare Zuständigkeiten verhindern doppelte Arbeit. Die Qualität eines Ergebnisses wird anhand vorher definierter Kriterien geprüft. Die Besprechung endet mit klaren nächsten Schritten. Regelmäßige Gespräche verbessern die Zusammenarbeit im Team. Ein ruhiger Arbeitsplatz unterstützt konzentriertes Arbeiten.
doc-0107,science,"Ein Modell vereinfacht die Wirklichkeit und hat deshalb klare Grenzen. Ausreißer werden geprüft und nicht automatisch entfernt. Offene Daten erleichtern die unabhängige Überprüfung einer Untersuchung. Ein Kontrollversuch hilft bei der Interpretation des Ergebnisses. Die Methode wird so beschrieben, dass andere sie nachvollziehen können. Das Experiment wird unter denselben Bedingungen mehrfach wiederholt."
doc-0108,culture,"Das Theater verbindet klassische Texte mit moderner Bühnentechnik. Eine Führung erklärt die Entstehung ausgewählter Bilder. Digitale Sammlungen machen seltene Dokumente leichter zugänglich. Die Bibliothek organisiert regelmäßig Lesungen und Gespräche. Ein Übersetzer muss Bedeutung und Ton des Originals berücksichtigen. Ein Archiv bewahrt Briefe, Fotos und andere historische Quellen."
doc-0109,sports,Die Mannschaft beginnt das Training mit einer gründlichen Aufwärmphase. Messbare Zwischenziele machen Fortschritte besser sichtbar. Fairness bleibt auch in einer engen Wettbewerbssituation wichtig. Der Verein bietet Anfängerinnen und Anfängern eigene Trainingszeiten an. Nach einer Verletzung wird die Belastung langsam wieder erhöht. Krafttraining ergänzt viele Ausdauersportarten sinnvoll. Eine ausgewogene Ernährung unterstützt Training und Regeneration.
doc-0110,daily_life,Ein einfacher Wochenplan verteilt Aufgaben übersichtlich. Am Morgen öffnet die Bäckerei bereits vor sieben Uhr. Ein fester Platz für Schlüssel spart täglich Zeit. Das Paket kann am Abend in einer Abholstation abgeholt werden. Der Bus fährt werktags alle zehn Minuten. Vor dem Urlaub werden Fenster und elektrische Geräte kontrolliert.
doc-0111,education,Die Lehrkraft verbindet Grammatik mit konkreten Alltagssituationen. Die Gruppe diskutiert verschiedene Lösungen und begründet ihre Wahl. Die Lernenden wiederholen neue Wörter in kurzen Abständen. Die Lernplattform passt die Schwierigkeit an die bisherigen Antworten an. Neue Aufgaben sollten bekannte Inhalte in einem anderen Kontext prüfen. Viele Lernende profitieren von kleinen und erreichbaren Zwischenzielen. Digitale Übungen können den individuellen Lernfortschritt sichtbar machen.
doc-0112,technology,Große Datenmengen werden schrittweise statt vollständig im Speicher verarbeitet. Ein Cache verkürzt die Antwortzeit bei häufigen Abfragen. Protokolle helfen bei der Suche nach seltenen Fehlern. Automatisierte Tests prüfen zentrale Funktionen vor jeder Veröffentlichung. Ein klarer Vertrag zwischen Modulen verhindert unnötige Abhängigkeiten. Die Daten werden verschlüsselt übertragen und nur kurz zwischengespeichert. Eine stabile Schnittstelle erleichtert die Integration neuer Komponenten. Die Konfiguration wird getrennt vom Programmcode verwaltet.
doc-0113,environment,Regionale Produkte vermeiden lange Transportwege. Ein sparsamer Umgang mit Wasser schützt lokale Reserven. Öffentliche Verkehrsmittel reduzieren den Verkehr in der Innenstadt. Landwirte testen Methoden zum Schutz fruchtbarer Böden. Die Stadt erweitert das Netz sicherer Fahrradwege. Naturnahe Flächen bieten Insekten und Vögeln wichtigen Lebensraum. Neue Gebäude benötigen weniger Energie für Heizung und Kühlung.
doc-0114,health,"Entspannungstechniken können den Umgang mit Stress erleichtern. Gesundheitsdaten sollten vertraulich und nachvollziehbar verarbeitet werden. Kleine Gewohnheiten sind oft leichter dauerhaft umzusetzen. Bei starken oder anhaltenden Symptomen ist professionelle Beratung notwendig. Soziale Kontakte wirken sich positiv auf das Wohlbefinden aus. Eine ausgewogene Mahlzeit enthält Gemüse, Eiweiß und komplexe Kohlenhydrate. Regelmäßiges Lüften verbessert die Luft in geschlossenen Räumen. Kurze Pausen helfen bei langer Arbeit am Bildschirm."
doc-0115,travel,Ein kleiner Rucksack erleichtert den Wechsel zwischen mehreren Verkehrsmitteln. Am Abend besuchen die Gäste ein kleines Konzert im Freien. Die Wanderroute führt durch einen ruhigen Wald und entlang eines Sees. Der Zug erreicht den Hauptbahnhof am frühen Nachmittag. Am Bahnhof gibt es Schließfächer für größeres Gepäck. Mit einer Tageskarte lassen sich Busse und Bahnen flexibel nutzen.
doc-0116,work,"Ein ruhiger Arbeitsplatz unterstützt konzentriertes Arbeiten. Klare Zuständigkeiten verhindern doppelte Arbeit. Pausen und feste Arbeitszeiten helfen, langfristig leistungsfähig zu bleiben. Automatisierung reduziert wiederkehrende manuelle Tätigkeiten. Wissen wird in verständlichen Dokumenten für andere festgehalten. Eine realistische Planung berücksichtigt auch unerwartete Probleme."
doc-0117,science,"Neue Ergebnisse werden mit früheren Studien verglichen. Die Methode wird so beschrieben, dass andere sie nachvollziehen können. Ausreißer werden geprüft und nicht automatisch entfernt. Ein Modell vereinfacht die Wirklichkeit und hat deshalb klare Grenzen. Die Analyse trennt Korrelation und tatsächliche Ursache. Offene Daten erleichtern die unabhängige Überprüfung einer Untersuchung. Ein Kontrollversuch hilft bei der Interpretation des Ergebnisses. Die Forschenden dokumentieren Messwerte und mögliche Fehlerquellen. Das Experiment wird unter denselben Bedingungen mehrfach wiederholt."
doc-0118,culture,"Traditionen verändern sich, wenn neue Generationen sie weiterentwickeln. Ein Übersetzer muss Bedeutung und Ton des Originals berücksichtigen. Digitale Sammlungen machen seltene Dokumente leichter zugänglich. Lokale Musikgruppen treten auf einem kleinen Stadtfest auf. Ein Archiv bewahrt Briefe, Fotos und andere historische Quellen. Die Besucher diskutieren nach der Vorstellung über ihre Eindrücke. Das Theater verbindet klassische Texte mit moderner Bühnentechnik."
doc-0119,sports,Der Trainer passt die Belastung an den aktuellen Leistungsstand an. Regelmäßiges Üben verbessert Koordination und Reaktionsfähigkeit. Die Mannschaft beginnt das Training mit einer gründlichen Aufwärmphase. Der Verein bietet Anfängerinnen und Anfängern eigene Trainingszeiten an. Gemeinsame Ziele stärken die Motivation innerhalb der Gruppe. Kurze intensive Einheiten benötigen ausreichende Erholung. Nach einer Verletzung wird die Belastung langsam wieder erhöht. Messbare Zwischenziele machen Fortschritte besser sichtbar. Fairness bleibt auch in einer engen Wettbewerbssituation wichtig.
doc-0120,daily_life,Eine Erinnerung im Kalender hilft bei wichtigen Terminen. Nach dem Essen wird die Küche gemeinsam aufgeräumt. Am Morgen öffnet die Bäckerei bereits vor sieben Uhr. Der Bus fährt werktags alle zehn Minuten. Vor dem Urlaub werden Fenster und elektrische Geräte kontrolliert. Eine Einkaufsliste verhindert unnötige spontane Käufe.
doc-0121,education,"Kurze Tests zeigen, welche Begriffe noch unsicher sind. Das aktive Abrufen ist oft wirksamer als das bloße Lesen. Ein strukturierter Lernplan reduziert unnötige Wiederholungen. Digitale Übungen können den individuellen Lernfortschritt sichtbar machen. Viele Lernende profitieren von kleinen und erreichbaren Zwischenzielen. Die Lernplattform passt die Schwierigkeit an die bisherigen Antworten an. Fehler werden nicht bestraft, sondern als Hinweis für die nächste Übung genutzt. Die Gruppe diskutiert verschiedene Lösungen und begründet ihre Wahl."
doc-0122,technology,"Die Architektur trennt Geschäftslogik und Benutzerschnittstelle. Ein Versionssystem dokumentiert jede Änderung am Quellcode. Ein klarer Vertrag zwischen Modulen verhindert unnötige Abhängigkeiten. Messwerte zeigen, an welcher Stelle die meiste Zeit verloren geht. Protokolle helfen bei der Suche nach seltenen Fehlern. Eine Warteschlange entkoppelt langsame Hintergrundaufgaben. Automatisierte Tests prüfen zentrale Funktionen vor jeder Veröffentlichung. Der Dienst verarbeitet viele kleine Anfragen parallel."
doc-0123,environment,Die Gemeinde informiert über Maßnahmen gegen unnötigen Müll. Regionale Produkte vermeiden lange Transportwege. Neue Gebäude benötigen weniger Energie für Heizung und Kühlung. Die Messstation erfasst Luftqualität und Lärm zu verschiedenen Tageszeiten. Die Stadt erweitert das Netz sicherer Fahrradwege. Kleine Veränderungen im Alltag senken den persönlichen Energieverbrauch. Der Fluss wird regelmäßig auf Schadstoffe untersucht. Naturnahe Flächen bieten Insekten und Vögeln wichtigen Lebensraum.
doc-0124,health,Die Ärztin erklärt die Wirkung und mögliche Nebenwirkungen des Medikaments. Sauberes Trinkwasser ist eine wichtige Grundlage der Gesundheit. Soziale Kontakte wirken sich positiv auf das Wohlbefinden aus. Ausreichender Schlaf unterstützt Konzentration und Erholung. Bei starken oder anhaltenden Symptomen ist professionelle Beratung notwendig. Ein realistischer Trainingsplan verhindert unnötige Überlastung. Gesundheitsdaten sollten vertraulich und nachvollziehbar verarbeitet werden. Kleine Gewohnheiten sind oft leichter dauerhaft umzusetzen.
doc-0125,travel,Ein kleiner Rucksack erleichtert den Wechsel zwischen mehreren Verkehrsmitteln. Das Wetter kann sich in den Bergen innerhalb kurzer Zeit ändern. Lokale Märkte bieten regionale Speisen und handwerkliche Produkte. Die Gruppe plant genügend Zeit für unerwartete Verzögerungen ein. Mit einer Tageskarte lassen sich Busse und Bahnen flexibel nutzen. Reisende prüfen vor der Abfahrt die aktuelle Verbindung. Eine Reservierung ist in der Hauptsaison oft sinnvoll. Eine digitale Karte funktioniert auch ohne aktive Internetverbindung. Die Wanderroute führt durch einen ruhigen Wald und entlang eines Sees.
doc-0126,work,"Ein kurzes Protokoll hält Entscheidungen und offene Punkte fest. Pausen und feste Arbeitszeiten helfen, langfristig leistungsfähig zu bleiben. Rückfragen werden möglichst früh und konkret formuliert. Ein ruhiger Arbeitsplatz unterstützt konzentriertes Arbeiten. Das Team bespricht am Morgen die wichtigsten Aufgaben des Tages. Eine realistische Planung berücksichtigt auch unerwartete Probleme."
doc-0127,science,"Die Forschenden dokumentieren Messwerte und mögliche Fehlerquellen. Ein Modell vereinfacht die Wirklichkeit und hat deshalb klare Grenzen. Eine grafische Darstellung macht auffällige Muster sichtbar. Eine Hypothese muss durch beobachtbare Daten überprüfbar sein. Die Stichprobe sollte die untersuchte Gruppe möglichst gut abbilden. Die Methode wird so beschrieben, dass andere sie nachvollziehen können. Das Experiment wird unter denselben Bedingungen mehrfach wiederholt. Unsicherheit wird zusammen mit dem Messwert angegeben."
doc-0128,culture,"Die Besucher diskutieren nach der Vorstellung über ihre Eindrücke. Lokale Musikgruppen treten auf einem kleinen Stadtfest auf. Eine Führung erklärt die Entstehung ausgewählter Bilder. Kulturelle Angebote schaffen Räume für gemeinsame Erfahrungen. Die Gestaltung eines öffentlichen Platzes prägt das Leben im Viertel. Ein Film kann historische Ereignisse aus persönlicher Perspektive erzählen. Traditionen verändern sich, wenn neue Generationen sie weiterentwickeln. Das Theater verbindet klassische Texte mit moderner Bühnentechnik. Die Ausstellung stellt verschiedene Sichtweisen nebeneinander."
doc-0129,sports,Eine ausgewogene Ernährung unterstützt Training und Regeneration. Ausdauer entsteht durch langfristiges und gleichmäßiges Training. Der Trainer passt die Belastung an den aktuellen Leistungsstand an. Die Mannschaft beginnt das Training mit einer gründlichen Aufwärmphase. Eine saubere Technik reduziert das Risiko unnötiger Verletzungen. Die Läuferin kontrolliert ihr Tempo auf den ersten Kilometern.
doc-0130,daily_life,Vor dem Urlaub werden Fenster und elektrische Geräte kontrolliert. Die Nachbarn teilen sich einige selten benötigte Werkzeuge. Der Bus fährt werktags alle zehn Minuten. Ein einfacher Wochenplan verteilt Aufgaben übersichtlich. Am Wochenende wird das Fahrrad gründlich gereinigt. Gemeinsame Mahlzeiten bieten Zeit für ruhige Gespräche.
doc-0131,education,"Die Gruppe diskutiert verschiedene Lösungen und begründet ihre Wahl. Eine klare Rückmeldung hilft beim Korrigieren typischer Fehler. Kurze Tests zeigen, welche Begriffe noch unsicher sind. Fehler werden nicht bestraft, sondern als Hinweis für die nächste Übung genutzt. Die Lehrkraft verbindet Grammatik mit konkreten Alltagssituationen. Ein Beispiel aus dem Alltag erleichtert das Verständnis einer Regel. Viele Lernende profitieren von kleinen und erreichbaren Zwischenzielen. Neue Aufgaben sollten bekannte Inhalte in einem anderen Kontext prüfen."
doc-0132,technology,Eine Warteschlange entkoppelt langsame Hintergrundaufgaben. Das Entwicklungsteam überwacht die Anwendung mit automatisierten Metriken. Die Architektur trennt Geschäftslogik und Benutzerschnittstelle. Eine stabile Schnittstelle erleichtert die Integration neuer Komponenten. Ein klarer Vertrag zwischen Modulen verhindert unnötige Abhängigkeiten. Protokolle helfen bei der Suche nach seltenen Fehlern. Die Konfiguration wird getrennt vom Programmcode verwaltet.
doc-0133,environment,Naturnahe Flächen bieten Insekten und Vögeln wichtigen Lebensraum. Ein sparsamer Umgang mit Wasser schützt lokale Reserven. Die Messstation erfasst Luftqualität und Lärm zu verschiedenen Tageszeiten. Solaranlagen liefern auch an kühlen Tagen elektrische Energie. Regionale Produkte vermeiden lange Transportwege. Neue Gebäude benötigen weniger Energie für Heizung und Kühlung.
doc-0134,health,Entspannungstechniken können den Umgang mit Stress erleichtern. Die Ärztin erklärt die Wirkung und mögliche Nebenwirkungen des Medikaments. Regelmäßige Bewegung stärkt den Kreislauf und verbessert die Ausdauer. Bei starken oder anhaltenden Symptomen ist professionelle Beratung notwendig. Kurze Pausen helfen bei langer Arbeit am Bildschirm. Ein realistischer Trainingsplan verhindert unnötige Überlastung. Gesundheitsdaten sollten vertraulich und nachvollziehbar verarbeitet werden. Sauberes Trinkwasser ist eine wichtige Grundlage der Gesundheit. Ausreichender Schlaf unterstützt Konzentration und Erholung.
doc-0135,travel,Am Abend besuchen die Gäste ein kleines Konzert im Freien. Am Bahnhof gibt es Schließfächer für größeres Gepäck. Das Wetter kann sich in den Bergen innerhalb kurzer Zeit ändern. Eine Reiseversicherung deckt bestimmte unvorhergesehene Kosten ab. Der Zug erreicht den Hauptbahnhof am frühen Nachmittag. Eine digitale Karte funktioniert auch ohne aktive Internetverbindung. Eine Reservierung ist in der Hauptsaison oft sinnvoll. Der Reiseführer erklärt die Geschichte der wichtigsten Gebäude. Ein kleiner Rucksack erleichtert den Wechsel zwischen mehreren Verkehrsmitteln.
doc-0136,work,Neue Mitarbeitende erhalten eine strukturierte Einführung. Komplexe Aufgaben werden in kleine überprüfbare Schritte zerlegt. Automatisierung reduziert wiederkehrende manuelle Tätigkeiten. Das Team bespricht am Morgen die wichtigsten Aufgaben des Tages. Ein ruhiger Arbeitsplatz unterstützt konzentriertes Arbeiten. Ein kurzes Protokoll hält Entscheidungen und offene Punkte fest. Rückfragen werden möglichst früh und konkret formuliert.
doc-0137,science,"Die Analyse trennt Korrelation und tatsächliche Ursache. Die Methode wird so beschrieben, dass andere sie nachvollziehen können. Neue Ergebnisse werden mit früheren Studien verglichen. Eine grafische Darstellung macht auffällige Muster sichtbar. Unsicherheit wird zusammen mit dem Messwert angegeben. Das Experiment wird unter denselben Bedingungen mehrfach wiederholt. Ein Modell vereinfacht die Wirklichkeit und hat deshalb klare Grenzen. Ein Kontrollversuch hilft bei der Interpretation des Ergebnisses. Offene Daten erleichtern die unabhängige Überprüfung einer Untersuchung."
doc-0138,culture,"Lokale Musikgruppen treten auf einem kleinen Stadtfest auf. Kulturelle Angebote schaffen Räume für gemeinsame Erfahrungen. Ein Archiv bewahrt Briefe, Fotos und andere historische Quellen. Eine Führung erklärt die Entstehung ausgewählter Bilder. Die Bibliothek organisiert regelmäßig Lesungen und Gespräche. Digitale Sammlungen machen seltene Dokumente leichter zugänglich. Die Ausstellung stellt verschiedene Sichtweisen nebeneinander. Literatur kann gesellschaftliche Konflikte aus ungewohnter Sicht zeigen."
doc-0139,sports,Eine saubere Technik reduziert das Risiko unnötiger Verletzungen. Der Verein bietet Anfängerinnen und Anfängern eigene Trainingszeiten an. Fairness bleibt auch in einer engen Wettbewerbssituation wichtig. Nach einer Verletzung wird die Belastung langsam wieder erhöht. Krafttraining ergänzt viele Ausdauersportarten sinnvoll. Die Mannschaft beginnt das Training mit einer gründlichen Aufwärmphase. Eine ausgewogene Ernährung unterstützt Training und Regeneration. Kurze intensive Einheiten benötigen ausreichende Erholung. Messbare Zwischenziele machen Fortschritte besser sichtbar.
doc-0140,daily_life,Eine Einkaufsliste verhindert unnötige spontane Käufe. Die Familie plant die Einkäufe für die gesamte Woche. Vor dem Urlaub werden Fenster und elektrische Geräte kontrolliert. Nach dem Essen wird die Küche gemeinsam aufgeräumt. Gemeinsame Mahlzeiten bieten Zeit für ruhige Gespräche. Ein einfacher Wochenplan verteilt Aufgaben übersichtlich.
doc-0141,education,"Digitale Übungen können den individuellen Lernfortschritt sichtbar machen. Die Auswertung unterscheidet zwischen Erkennen und selbstständigem Anwenden. Ein Beispiel aus dem Alltag erleichtert das Verständnis einer Regel. Kurze Tests zeigen, welche Begriffe noch unsicher sind. Fehler werden nicht bestraft, sondern als Hinweis für die nächste Übung genutzt. Die Lernplattform passt die Schwierigkeit an die bisherigen Antworten an."
doc-0142,technology,Die Anwendung kann einzelne Module unabhängig aktualisieren. Das Entwicklungsteam überwacht die Anwendung mit automatisierten Metriken. Große Datenmengen werden schrittweise statt vollständig im Speicher verarbeitet. Protokolle helfen bei der Suche nach seltenen Fehlern. Ein Cache verkürzt die Antwortzeit bei häufigen Abfragen. Die Architektur trennt Geschäftslogik und Benutzerschnittstelle. Die Konfiguration wird getrennt vom Programmcode verwaltet.
doc-0143,environment,"Regionale Produkte vermeiden lange Transportwege. Die Gemeinde informiert über Maßnahmen gegen unnötigen Müll. Viele Haushalte trennen Papier, Glas und Bioabfall. Ein sparsamer Umgang mit Wasser schützt lokale Reserven. Kleine Veränderungen im Alltag senken den persönlichen Energieverbrauch. Naturnahe Flächen bieten Insekten und Vögeln wichtigen Lebensraum."
doc-0144,health,"Die Ärztin erklärt die Wirkung und mögliche Nebenwirkungen des Medikaments. Bei starken oder anhaltenden Symptomen ist professionelle Beratung notwendig. Kurze Pausen helfen bei langer Arbeit am Bildschirm. Eine gute Körperhaltung entlastet Rücken und Schultern. Viele Beschwerden lassen sich durch frühe Untersuchung besser behandeln. Ausreichender Schlaf unterstützt Konzentration und Erholung. Eine ausgewogene Mahlzeit enthält Gemüse, Eiweiß und komplexe Kohlenhydrate."
doc-0145,travel,Eine digitale Karte funktioniert auch ohne aktive Internetverbindung. Die Gruppe plant genügend Zeit für unerwartete Verzögerungen ein. Eine Reiseversicherung deckt bestimmte unvorhergesehene Kosten ab. Der Zug erreicht den Hauptbahnhof am frühen Nachmittag. Am Bahnhof gibt es Schließfächer für größeres Gepäck. Der Reiseführer erklärt die Geschichte der wichtigsten Gebäude. Ein kleiner Rucksack erleichtert den Wechsel zwischen mehreren Verkehrsmitteln. Die Wanderroute führt durch einen ruhigen Wald und entlang eines Sees. Das Wetter kann sich in den Bergen innerhalb kurzer Zeit ändern.
doc-0146,work,Das Team bespricht am Morgen die wichtigsten Aufgaben des Tages. Klare Zuständigkeiten verhindern doppelte Arbeit. Ein kurzes Protokoll hält Entscheidungen und offene Punkte fest. Neue Mitarbeitende erhalten eine strukturierte Einführung. Die Projektleitung priorisiert Aufgaben nach Nutzen und Aufwand. Die Qualität eines Ergebnisses wird anhand vorher definierter Kriterien geprüft. Komplexe Aufgaben werden in kleine überprüfbare Schritte zerlegt. Automatisierung reduziert wiederkehrende manuelle Tätigkeiten. Ein ruhiger Arbeitsplatz unterstützt konzentriertes Arbeiten.
doc-0147,science,"Neue Ergebnisse werden mit früheren Studien verglichen. Die Analyse trennt Korrelation und tatsächliche Ursache. Ein Modell vereinfacht die Wirklichkeit und hat deshalb klare Grenzen. Die Genauigkeit steigt häufig mit der Zahl sauberer Beobachtungen. Das Experiment wird unter denselben Bedingungen mehrfach wiederholt. Die Methode wird so beschrieben, dass andere sie nachvollziehen können. Offene Daten erleichtern die unabhängige Überprüfung einer Untersuchung. Ein Kontrollversuch hilft bei der Interpretation des Ergebnisses. Die Stichprobe sollte die untersuchte Gruppe möglichst gut abbilden."
doc-0148,culture,Literatur kann gesellschaftliche Konflikte aus ungewohnter Sicht zeigen. Ein Film kann historische Ereignisse aus persönlicher Perspektive erzählen. Die Ausstellung stellt verschiedene Sichtweisen nebeneinander. Eine Führung erklärt die Entstehung ausgewählter Bilder. Die Gestaltung eines öffentlichen Platzes prägt das Leben im Viertel. Das Theater verbindet klassische Texte mit moderner Bühnentechnik. Lokale Musikgruppen treten auf einem kleinen Stadtfest auf.
doc-0149,sports,Fairness bleibt auch in einer engen Wettbewerbssituation wichtig. Der Verein bietet Anfängerinnen und Anfängern eigene Trainingszeiten an. Messbare Zwischenziele machen Fortschritte besser sichtbar. Der Trainer passt die Belastung an den aktuellen Leistungsstand an. Die Mannschaft beginnt das Training mit einer gründlichen Aufwärmphase. Gemeinsame Ziele stärken die Motivation innerhalb der Gruppe. Ausdauer entsteht durch langfristiges und gleichmäßiges Training. Nach einer Verletzung wird die Belastung langsam wieder erhöht. Regelmäßiges Üben verbessert Koordination und Reaktionsfähigkeit.
doc-0150,daily_life,Ein fester Platz für Schlüssel spart täglich Zeit. Die Kinder bereiten ihre Schulsachen am Vorabend vor. Die Familie plant die Einkäufe für die gesamte Woche. Das Paket kann am Abend in einer Abholstation abgeholt werden. Der Bus fährt werktags alle zehn Minuten. Kleine Reparaturen werden möglichst früh erledigt. Ein einfacher Wochenplan verteilt Aufgaben übersichtlich. Vor dem Urlaub werden Fenster und elektrische Geräte kontrolliert. Eine Erinnerung im Kalender hilft bei wichtigen Terminen.
doc-0151,education,Regelmäßige Wiederholung verbessert die langfristige Erinnerung. Die Gruppe diskutiert verschiedene Lösungen und begründet ihre Wahl. Die Lehrkraft verbindet Grammatik mit konkreten Alltagssituationen. Neue Aufgaben sollten bekannte Inhalte in einem anderen Kontext prüfen. Eine klare Rückmeldung hilft beim Korrigieren typischer Fehler. Ein Beispiel aus dem Alltag erleichtert das Verständnis einer Regel. Die Lernplattform passt die Schwierigkeit an die bisherigen Antworten an. Die Lernenden wiederholen neue Wörter in kurzen Abständen.
doc-0152,technology,"Ein Cache verkürzt die Antwortzeit bei häufigen Abfragen. Das Entwicklungsteam überwacht die Anwendung mit automatisierten Metriken. Der Dienst verarbeitet viele kleine Anfragen parallel. Automatisierte Tests prüfen zentrale Funktionen vor jeder Veröffentlichung. Große Datenmengen werden schrittweise statt vollständig im Speicher verarbeitet. Ein Versionssystem dokumentiert jede Änderung am Quellcode. Ein klarer Vertrag zwischen Modulen verhindert unnötige Abhängigkeiten. Messwerte zeigen, an welcher Stelle die meiste Zeit verloren geht. Die Konfiguration wird getrennt vom Programmcode verwaltet."
doc-0153,environment,Solaranlagen liefern auch an kühlen Tagen elektrische Energie. Öffentliche Verkehrsmittel reduzieren den Verkehr in der Innenstadt. Bäume senken im Sommer die Temperatur dicht bebauter Straßen. Mehrwegverpackungen können den Verbrauch von Kunststoff verringern. Kleine Veränderungen im Alltag senken den persönlichen Energieverbrauch. Naturnahe Flächen bieten Insekten und Vögeln wichtigen Lebensraum. Der Fluss wird regelmäßig auf Schadstoffe untersucht.
doc-0154,health,Ein realistischer Trainingsplan verhindert unnötige Überlastung. Kurze Pausen helfen bei langer Arbeit am Bildschirm. Kleine Gewohnheiten sind oft leichter dauerhaft umzusetzen. Viele Beschwerden lassen sich durch frühe Untersuchung besser behandeln. Entspannungstechniken können den Umgang mit Stress erleichtern. Regelmäßige Bewegung stärkt den Kreislauf und verbessert die Ausdauer. Ausreichender Schlaf unterstützt Konzentration und Erholung. Sauberes Trinkwasser ist eine wichtige Grundlage der Gesundheit.
doc-0155,travel,Die Wanderroute führt durch einen ruhigen Wald und entlang eines Sees. Reisende prüfen vor der Abfahrt die aktuelle Verbindung. Am Abend besuchen die Gäste ein kleines Konzert im Freien. Ein kleiner Rucksack erleichtert den Wechsel zwischen mehreren Verkehrsmitteln. Das Wetter kann sich in den Bergen innerhalb kurzer Zeit ändern. Das Hotel liegt in der Nähe des historischen Stadtzentrums. Die Gruppe plant genügend Zeit für unerwartete Verzögerungen ein. Lokale Märkte bieten regionale Speisen und handwerkliche Produkte. Mit einer Tageskarte lassen sich Busse und Bahnen flexibel nutzen.
doc-0156,work,Eine realistische Planung berücksichtigt auch unerwartete Probleme. Komplexe Aufgaben werden in kleine überprüfbare Schritte zerlegt. Die Projektleitung priorisiert Aufgaben nach Nutzen und Aufwand. Neue Mitarbeitende erhalten eine strukturierte Einführung. Das Team bespricht am Morgen die wichtigsten Aufgaben des Tages. Regelmäßige Gespräche verbessern die Zusammenarbeit im Team.
doc-0157,science,"Eine Hypothese muss durch beobachtbare Daten überprüfbar sein. Die Methode wird so beschrieben, dass andere sie nachvollziehen können. Ein Modell vereinfacht die Wirklichkeit und hat deshalb klare Grenzen. Das Experiment wird unter denselben Bedingungen mehrfach wiederholt. Ausreißer werden geprüft und nicht automatisch entfernt. Die Schlussfolgerung darf nicht über die erhobenen Daten hinausgehen."
doc-0158,culture,"Traditionen verändern sich, wenn neue Generationen sie weiterentwickeln. Das Museum zeigt Werke aus mehreren historischen Epochen. Kulturelle Angebote schaffen Räume für gemeinsame Erfahrungen. Ein Film kann historische Ereignisse aus persönlicher Perspektive erzählen. Die Gestaltung eines öffentlichen Platzes prägt das Leben im Viertel. Die Bibliothek organisiert regelmäßig Lesungen und Gespräche."
doc-0159,sports,Kurze intensive Einheiten benötigen ausreichende Erholung. Gemeinsame Ziele stärken die Motivation innerhalb der Gruppe. Der Trainer passt die Belastung an den aktuellen Leistungsstand an. Der Verein bietet Anfängerinnen und Anfängern eigene Trainingszeiten an. Eine saubere Technik reduziert das Risiko unnötiger Verletzungen. Eine ausgewogene Ernährung unterstützt Training und Regeneration. Die Läuferin kontrolliert ihr Tempo auf den ersten Kilometern. Messbare Zwischenziele machen Fortschritte besser sichtbar. Regelmäßiges Üben verbessert Koordination und Reaktionsfähigkeit.
doc-0160,daily_life,Eine Einkaufsliste verhindert unnötige spontane Käufe. Das Paket kann am Abend in einer Abholstation abgeholt werden. Am Wochenende wird das Fahrrad gründlich gereinigt. Ein fester Platz für Schlüssel spart täglich Zeit. Die Kinder bereiten ihre Schulsachen am Vorabend vor. Der Bus fährt werktags alle zehn Minuten. Vor dem Urlaub werden Fenster und elektrische Geräte kontrolliert. Die Nachbarn teilen sich einige selten benötigte Werkzeuge. Ein einfacher Wochenplan verteilt Aufgaben übersichtlich.
doc-0161,education,"Eine klare Rückmeldung hilft beim Korrigieren typischer Fehler. Die Lernenden wiederholen neue Wörter in kurzen Abständen. Ein Beispiel aus dem Alltag erleichtert das Verständnis einer Regel. Regelmäßige Wiederholung verbessert die langfristige Erinnerung. Das aktive Abrufen ist oft wirksamer als das bloße Lesen. Kurze Tests zeigen, welche Begriffe noch unsicher sind. Viele Lernende profitieren von kleinen und erreichbaren Zwischenzielen."
doc-0162,technology,"Messwerte zeigen, an welcher Stelle die meiste Zeit verloren geht. Protokolle helfen bei der Suche nach seltenen Fehlern. Die Konfiguration wird getrennt vom Programmcode verwaltet. Ein klarer Vertrag zwischen Modulen verhindert unnötige Abhängigkeiten. Die Anwendung kann einzelne Module unabhängig aktualisieren. Eine stabile Schnittstelle erleichtert die Integration neuer Komponenten."
doc-0163,environment,"Öffentliche Verkehrsmittel reduzieren den Verkehr in der Innenstadt. Naturnahe Flächen bieten Insekten und Vögeln wichtigen Lebensraum. Viele Haushalte trennen Papier, Glas und Bioabfall. Die Gemeinde informiert über Maßnahmen gegen unnötigen Müll. Die Stadt erweitert das Netz sicherer Fahrradwege. Solaranlagen liefern auch an kühlen Tagen elektrische Energie. Kleine Veränderungen im Alltag senken den persönlichen Energieverbrauch. Landwirte testen Methoden zum Schutz fruchtbarer Böden. Die Messstation erfasst Luftqualität und Lärm zu verschiedenen Tageszeiten."
doc-0164,health,"Die Ärztin erklärt die Wirkung und mögliche Nebenwirkungen des Medikaments. Eine ausgewogene Mahlzeit enthält Gemüse, Eiweiß und komplexe Kohlenhydrate. Gesundheitsdaten sollten vertraulich und nachvollziehbar verarbeitet werden. Entspannungstechniken können den Umgang mit Stress erleichtern. Kleine Gewohnheiten sind oft leichter dauerhaft umzusetzen. Sauberes Trinkwasser ist eine wichtige Grundlage der Gesundheit. Viele Beschwerden lassen sich durch frühe Untersuchung besser behandeln."
doc-0165,travel,Eine Reiseversicherung deckt bestimmte unvorhergesehene Kosten ab. Eine Reservierung ist in der Hauptsaison oft sinnvoll. Die Wanderroute führt durch einen ruhigen Wald und entlang eines Sees. Eine digitale Karte funktioniert auch ohne aktive Internetverbindung. Ein kleiner Rucksack erleichtert den Wechsel zwischen mehreren Verkehrsmitteln. Der Zug erreicht den Hauptbahnhof am frühen Nachmittag. Mit einer Tageskarte lassen sich Busse und Bahnen flexibel nutzen. Lokale Märkte bieten regionale Speisen und handwerkliche Produkte. Am Bahnhof gibt es Schließfächer für größeres Gepäck.
doc-0166,work,Automatisierung reduziert wiederkehrende manuelle Tätigkeiten. Die Besprechung endet mit klaren nächsten Schritten. Ein ruhiger Arbeitsplatz unterstützt konzentriertes Arbeiten. Das Team bespricht am Morgen die wichtigsten Aufgaben des Tages. Eine realistische Planung berücksichtigt auch unerwartete Probleme. Regelmäßige Gespräche verbessern die Zusammenarbeit im Team. Die Qualität eines Ergebnisses wird anhand vorher definierter Kriterien geprüft.
doc-0167,science,Das Experiment wird unter denselben Bedingungen mehrfach wiederholt. Die Forschenden dokumentieren Messwerte und mögliche Fehlerquellen. Die Stichprobe sollte die untersuchte Gruppe möglichst gut abbilden. Offene Daten erleichtern die unabhängige Überprüfung einer Untersuchung. Ausreißer werden geprüft und nicht automatisch entfernt. Die Genauigkeit steigt häufig mit der Zahl sauberer Beobachtungen. Neue Ergebnisse werden mit früheren Studien verglichen.
doc-0168,culture,"Die Bibliothek organisiert regelmäßig Lesungen und Gespräche. Das Theater verbindet klassische Texte mit moderner Bühnentechnik. Die Gestaltung eines öffentlichen Platzes prägt das Leben im Viertel. Traditionen verändern sich, wenn neue Generationen sie weiterentwickeln. Die Ausstellung stellt verschiedene Sichtweisen nebeneinander. Digitale Sammlungen machen seltene Dokumente leichter zugänglich. Ein Übersetzer muss Bedeutung und Ton des Originals berücksichtigen. Ein Archiv bewahrt Briefe, Fotos und andere historische Quellen. Eine Führung erklärt die Entstehung ausgewählter Bilder."
doc-0169,sports,Regelmäßiges Üben verbessert Koordination und Reaktionsfähigkeit. Messbare Zwischenziele machen Fortschritte besser sichtbar. Eine saubere Technik reduziert das Risiko unnötiger Verletzungen. Fairness bleibt auch in einer engen Wettbewerbssituation wichtig. Die Läuferin kontrolliert ihr Tempo auf den ersten Kilometern. Das Team analysiert nach dem Spiel erfolgreiche und schwache Situationen. Der Trainer passt die Belastung an den aktuellen Leistungsstand an.
doc-0170,daily_life,Eine Einkaufsliste verhindert unnötige spontane Käufe. Vor dem Urlaub werden Fenster und elektrische Geräte kontrolliert. Die Familie plant die Einkäufe für die gesamte Woche. Eine Erinnerung im Kalender hilft bei wichtigen Terminen. Am Morgen öffnet die Bäckerei bereits vor sieben Uhr. Nach dem Essen wird die Küche gemeinsam aufgeräumt. Die Nachbarn teilen sich einige selten benötigte Werkzeuge.
doc-0171,education,"Ein strukturierter Lernplan reduziert unnötige Wiederholungen. Kurze Tests zeigen, welche Begriffe noch unsicher sind. Die Lehrkraft verbindet Grammatik mit konkreten Alltagssituationen. Das aktive Abrufen ist oft wirksamer als das bloße Lesen. Die Auswertung unterscheidet zwischen Erkennen und selbstständigem Anwenden. Die Gruppe diskutiert verschiedene Lösungen und begründet ihre Wahl."
doc-0172,technology,"Die Anwendung kann einzelne Module unabhängig aktualisieren. Eine Warteschlange entkoppelt langsame Hintergrundaufgaben. Automatisierte Tests prüfen zentrale Funktionen vor jeder Veröffentlichung. Ein klarer Vertrag zwischen Modulen verhindert unnötige Abhängigkeiten. Das Entwicklungsteam überwacht die Anwendung mit automatisierten Metriken. Die Daten werden verschlüsselt übertragen und nur kurz zwischengespeichert. Die Architektur trennt Geschäftslogik und Benutzerschnittstelle. Messwerte zeigen, an welcher Stelle die meiste Zeit verloren geht. Der Dienst verarbeitet viele kleine Anfragen parallel."
doc-0173,environment,Naturnahe Flächen bieten Insekten und Vögeln wichtigen Lebensraum. Regionale Produkte vermeiden lange Transportwege. Neue Gebäude benötigen weniger Energie für Heizung und Kühlung. Ein sparsamer Umgang mit Wasser schützt lokale Reserven. Bäume senken im Sommer die Temperatur dicht bebauter Straßen. Die Gemeinde informiert über Maßnahmen gegen unnötigen Müll. Mehrwegverpackungen können den Verbrauch von Kunststoff verringern.
doc-0174,health,"Viele Beschwerden lassen sich durch frühe Untersuchung besser behandeln. Kurze Pausen helfen bei langer Arbeit am Bildschirm. Bei starken oder anhaltenden Symptomen ist professionelle Beratung notwendig. Eine ausgewogene Mahlzeit enthält Gemüse, Eiweiß und komplexe Kohlenhydrate. Kleine Gewohnheiten sind oft leichter dauerhaft umzusetzen. Regelmäßige Bewegung stärkt den Kreislauf und verbessert die Ausdauer. Soziale Kontakte wirken sich positiv auf das Wohlbefinden aus. Ein realistischer Trainingsplan verhindert unnötige Überlastung. Ausreichender Schlaf unterstützt Konzentration und Erholung."
doc-0175,travel,Das Hotel liegt in der Nähe des historischen Stadtzentrums. Ein kleiner Rucksack erleichtert den Wechsel zwischen mehreren Verkehrsmitteln. Die Wanderroute führt durch einen ruhigen Wald und entlang eines Sees. Eine Reiseversicherung deckt bestimmte unvorhergesehene Kosten ab. Am Abend besuchen die Gäste ein kleines Konzert im Freien. Am Bahnhof gibt es Schließfächer für größeres Gepäck. Eine Reservierung ist in der Hauptsaison oft sinnvoll.
doc-0176,work,Neue Mitarbeitende erhalten eine strukturierte Einführung. Wissen wird in verständlichen Dokumenten für andere festgehalten. Das Team bespricht am Morgen die wichtigsten Aufgaben des Tages. Die Projektleitung priorisiert Aufgaben nach Nutzen und Aufwand. Komplexe Aufgaben werden in kleine überprüfbare Schritte zerlegt. Die Besprechung endet mit klaren nächsten Schritten. Regelmäßige Gespräche verbessern die Zusammenarbeit im Team. Ein ruhiger Arbeitsplatz unterstützt konzentriertes Arbeiten. Klare Zuständigkeiten verhindern doppelte Arbeit.
doc-0177,science,Neue Ergebnisse werden mit früheren Studien verglichen. Die Genauigkeit steigt häufig mit der Zahl sauberer Beobachtungen. Das Experiment wird unter denselben Bedingungen mehrfach wiederholt. Die Schlussfolgerung darf nicht über die erhobenen Daten hinausgehen. Eine Hypothese muss durch beobachtbare Daten überprüfbar sein. Offene Daten erleichtern die unabhängige Überprüfung einer Untersuchung. Eine grafische Darstellung macht auffällige Muster sichtbar. Die Forschenden dokumentieren Messwerte und mögliche Fehlerquellen.
doc-0178,culture,"Lokale Musikgruppen treten auf einem kleinen Stadtfest auf. Eine Führung erklärt die Entstehung ausgewählter Bilder. Das Theater verbindet klassische Texte mit moderner Bühnentechnik. Die Bibliothek organisiert regelmäßig Lesungen und Gespräche. Kulturelle Angebote schaffen Räume für gemeinsame Erfahrungen. Literatur kann gesellschaftliche Konflikte aus ungewohnter Sicht zeigen. Die Ausstellung stellt verschiedene Sichtweisen nebeneinander. Traditionen verändern sich, wenn neue Generationen sie weiterentwickeln. Die Besucher diskutieren nach der Vorstellung über ihre Eindrücke."
doc-0179,sports,Regelmäßiges Üben verbessert Koordination und Reaktionsfähigkeit. Die Läuferin kontrolliert ihr Tempo auf den ersten Kilometern. Fairness bleibt auch in einer engen Wettbewerbssituation wichtig. Eine saubere Technik reduziert das Risiko unnötiger Verletzungen. Nach einer Verletzung wird die Belastung langsam wieder erhöht. Gemeinsame Ziele stärken die Motivation innerhalb der Gruppe. Der Trainer passt die Belastung an den aktuellen Leistungsstand an. Kurze intensive Einheiten benötigen ausreichende Erholung. Der Verein bietet Anfängerinnen und Anfängern eigene Trainingszeiten an.
doc-0180,daily_life,Eine Erinnerung im Kalender hilft bei wichtigen Terminen. Kleine Reparaturen werden möglichst früh erledigt. Ein einfacher Wochenplan verteilt Aufgaben übersichtlich. Das Paket kann am Abend in einer Abholstation abgeholt werden. Ein fester Platz für Schlüssel spart täglich Zeit. Die Familie plant die Einkäufe für die gesamte Woche.
doc-0181,education,"Ein strukturierter Lernplan reduziert unnötige Wiederholungen. Das aktive Abrufen ist oft wirksamer als das bloße Lesen. Neue Aufgaben sollten bekannte Inhalte in einem anderen Kontext prüfen. Die Gruppe diskutiert verschiedene Lösungen und begründet ihre Wahl. Die Lernenden wiederholen neue Wörter in kurzen Abständen. Eine klare Rückmeldung hilft beim Korrigieren typischer Fehler. Fehler werden nicht bestraft, sondern als Hinweis für die nächste Übung genutzt."
doc-0182,technology,Ein klarer Vertrag zwischen Modulen verhindert unnötige Abhängigkeiten. Die Anwendung kann einzelne Module unabhängig aktualisieren. Ein Versionssystem dokumentiert jede Änderung am Quellcode. Der Dienst verarbeitet viele kleine Anfragen parallel. Ein Cache verkürzt die Antwortzeit bei häufigen Abfragen. Protokolle helfen bei der Suche nach seltenen Fehlern.
doc-0183,environment,Bäume senken im Sommer die Temperatur dicht bebauter Straßen. Die Stadt erweitert das Netz sicherer Fahrradwege. Kleine Veränderungen im Alltag senken den persönlichen Energieverbrauch. Naturnahe Flächen bieten Insekten und Vögeln wichtigen Lebensraum. Mehrwegverpackungen können den Verbrauch von Kunststoff verringern. Die Messstation erfasst Luftqualität und Lärm zu verschiedenen Tageszeiten. Der Fluss wird regelmäßig auf Schadstoffe untersucht. Öffentliche Verkehrsmittel reduzieren den Verkehr in der Innenstadt. Neue Gebäude benötigen weniger Energie für Heizung und Kühlung.
doc-0184,health,"Sauberes Trinkwasser ist eine wichtige Grundlage der Gesundheit. Soziale Kontakte wirken sich positiv auf das Wohlbefinden aus. Eine ausgewogene Mahlzeit enthält Gemüse, Eiweiß und komplexe Kohlenhydrate. Regelmäßige Bewegung stärkt den Kreislauf und verbessert die Ausdauer. Viele Beschwerden lassen sich durch frühe Untersuchung besser behandeln. Gesundheitsdaten sollten vertraulich und nachvollziehbar verarbeitet werden. Die Ärztin erklärt die Wirkung und mögliche Nebenwirkungen des Medikaments. Ausreichender Schlaf unterstützt Konzentration und Erholung. Eine gute Körperhaltung entlastet Rücken und Schultern."
doc-0185,travel,Das Wetter kann sich in den Bergen innerhalb kurzer Zeit ändern. Der Reiseführer erklärt die Geschichte der wichtigsten Gebäude. Der Zug erreicht den Hauptbahnhof am frühen Nachmittag. Die Wanderroute führt durch einen ruhigen Wald und entlang eines Sees. Das Hotel liegt in der Nähe des historischen Stadtzentrums. Am Abend besuchen die Gäste ein kleines Konzert im Freien.
doc-0186,work,Die Besprechung endet mit klaren nächsten Schritten. Klare Zuständigkeiten verhindern doppelte Arbeit. Die Qualität eines Ergebnisses wird anhand vorher definierter Kriterien geprüft. Wissen wird in verständlichen Dokumenten für andere festgehalten. Regelmäßige Gespräche verbessern die Zusammenarbeit im Team. Das Team bespricht am Morgen die wichtigsten Aufgaben des Tages. Die Projektleitung priorisiert Aufgaben nach Nutzen und Aufwand. Ein ruhiger Arbeitsplatz unterstützt konzentriertes Arbeiten. Eine realistische Planung berücksichtigt auch unerwartete Probleme.
doc-0187,science,"Die Forschenden dokumentieren Messwerte und mögliche Fehlerquellen. Ein Kontrollversuch hilft bei der Interpretation des Ergebnisses. Ausreißer werden geprüft und nicht automatisch entfernt. Die Schlussfolgerung darf nicht über die erhobenen Daten hinausgehen. Eine grafische Darstellung macht auffällige Muster sichtbar. Die Methode wird so beschrieben, dass andere sie nachvollziehen können. Die Analyse trennt Korrelation und tatsächliche Ursache."
doc-0188,culture,"Digitale Sammlungen machen seltene Dokumente leichter zugänglich. Das Museum zeigt Werke aus mehreren historischen Epochen. Die Gestaltung eines öffentlichen Platzes prägt das Leben im Viertel. Ein Archiv bewahrt Briefe, Fotos und andere historische Quellen. Ein Film kann historische Ereignisse aus persönlicher Perspektive erzählen. Die Besucher diskutieren nach der Vorstellung über ihre Eindrücke. Ein Übersetzer muss Bedeutung und Ton des Originals berücksichtigen."
doc-0189,sports,Eine ausgewogene Ernährung unterstützt Training und Regeneration. Nach einer Verletzung wird die Belastung langsam wieder erhöht. Gemeinsame Ziele stärken die Motivation innerhalb der Gruppe. Die Mannschaft beginnt das Training mit einer gründlichen Aufwärmphase. Kurze intensive Einheiten benötigen ausreichende Erholung. Der Trainer passt die Belastung an den aktuellen Leistungsstand an. Ausdauer entsteht durch langfristiges und gleichmäßiges Training. Eine saubere Technik reduziert das Risiko unnötiger Verletzungen. Messbare Zwischenziele machen Fortschritte besser sichtbar.
doc-0190,daily_life,Am Wochenende wird das Fahrrad gründlich gereinigt. Das Paket kann am Abend in einer Abholstation abgeholt werden. Vor dem Urlaub werden Fenster und elektrische Geräte kontrolliert. Der Bus fährt werktags alle zehn Minuten. Eine Einkaufsliste verhindert unnötige spontane Käufe. Am Morgen öffnet die Bäckerei bereits vor sieben Uhr.
doc-0191,education,"Digitale Übungen können den individuellen Lernfortschritt sichtbar machen. Das aktive Abrufen ist oft wirksamer als das bloße Lesen. Eine klare Rückmeldung hilft beim Korrigieren typischer Fehler. Die Auswertung unterscheidet zwischen Erkennen und selbstständigem Anwenden. Kurze Tests zeigen, welche Begriffe noch unsicher sind. Regelmäßige Wiederholung verbessert die langfristige Erinnerung. Die Gruppe diskutiert verschiedene Lösungen und begründet ihre Wahl."
doc-0192,technology,"Protokolle helfen bei der Suche nach seltenen Fehlern. Messwerte zeigen, an welcher Stelle die meiste Zeit verloren geht. Große Datenmengen werden schrittweise statt vollständig im Speicher verarbeitet. Die Daten werden verschlüsselt übertragen und nur kurz zwischengespeichert. Eine Warteschlange entkoppelt langsame Hintergrundaufgaben. Ein Cache verkürzt die Antwortzeit bei häufigen Abfragen. Ein klarer Vertrag zwischen Modulen verhindert unnötige Abhängigkeiten. Der Dienst verarbeitet viele kleine Anfragen parallel. Das Entwicklungsteam überwacht die Anwendung mit automatisierten Metriken."
doc-0193,environment,Öffentliche Verkehrsmittel reduzieren den Verkehr in der Innenstadt. Kleine Veränderungen im Alltag senken den persönlichen Energieverbrauch. Landwirte testen Methoden zum Schutz fruchtbarer Böden. Die Stadt erweitert das Netz sicherer Fahrradwege. Naturnahe Flächen bieten Insekten und Vögeln wichtigen Lebensraum. Neue Gebäude benötigen weniger Energie für Heizung und Kühlung. Die Gemeinde informiert über Maßnahmen gegen unnötigen Müll. Solaranlagen liefern auch an kühlen Tagen elektrische Energie. Ein sparsamer Umgang mit Wasser schützt lokale Reserven.
doc-0194,health,"Regelmäßiges Lüften verbessert die Luft in geschlossenen Räumen. Viele Beschwerden lassen sich durch frühe Untersuchung besser behandeln. Kurze Pausen helfen bei langer Arbeit am Bildschirm. Regelmäßige Bewegung stärkt den Kreislauf und verbessert die Ausdauer. Eine ausgewogene Mahlzeit enthält Gemüse, Eiweiß und komplexe Kohlenhydrate. Ausreichender Schlaf unterstützt Konzentration und Erholung. Soziale Kontakte wirken sich positiv auf das Wohlbefinden aus."
doc-0195,travel,Eine Reiseversicherung deckt bestimmte unvorhergesehene Kosten ab. Mit einer Tageskarte lassen sich Busse und Bahnen flexibel nutzen. Eine Reservierung ist in der Hauptsaison oft sinnvoll. Lokale Märkte bieten regionale Speisen und handwerkliche Produkte. Reisende prüfen vor der Abfahrt die aktuelle Verbindung. Ein kleiner Rucksack erleichtert den Wechsel zwischen mehreren Verkehrsmitteln.
doc-0196,work,Ein ruhiger Arbeitsplatz unterstützt konzentriertes Arbeiten. Klare Zuständigkeiten verhindern doppelte Arbeit. Ein kurzes Protokoll hält Entscheidungen und offene Punkte fest. Eine realistische Planung berücksichtigt auch unerwartete Probleme. Die Qualität eines Ergebnisses wird anhand vorher definierter Kriterien geprüft. Automatisierung reduziert wiederkehrende manuelle Tätigkeiten.
doc-0197,science,Die Analyse trennt Korrelation und tatsächliche Ursache. Ausreißer werden geprüft und nicht automatisch entfernt. Eine grafische Darstellung macht auffällige Muster sichtbar. Ein Modell vereinfacht die Wirklichkeit und hat deshalb klare Grenzen. Neue Ergebnisse werden mit früheren Studien verglichen. Die Stichprobe sollte die untersuchte Gruppe möglichst gut abbilden.
doc-0198,culture,Die Bibliothek organisiert regelmäßig Lesungen und Gespräche. Ein Film kann historische Ereignisse aus persönlicher Perspektive erzählen. Eine Führung erklärt die Entstehung ausgewählter Bilder. Lokale Musikgruppen treten auf einem kleinen Stadtfest auf. Die Besucher diskutieren nach der Vorstellung über ihre Eindrücke. Ein Übersetzer muss Bedeutung und Ton des Originals berücksichtigen. Kulturelle Angebote schaffen Räume für gemeinsame Erfahrungen.
doc-0199,sports,Die Mannschaft beginnt das Training mit einer gründlichen Aufwärmphase. Eine saubere Technik reduziert das Risiko unnötiger Verletzungen. Kurze intensive Einheiten benötigen ausreichende Erholung. Messbare Zwischenziele machen Fortschritte besser sichtbar. Eine ausgewogene Ernährung unterstützt Training und Regeneration. Nach einer Verletzung wird die Belastung langsam wieder erhöht. Fairness bleibt auch in einer engen Wettbewerbssituation wichtig.
doc-0200,daily_life,Der Bus fährt werktags alle zehn Minuten. Das Paket kann am Abend in einer Abholstation abgeholt werden. Die Nachbarn teilen sich einige selten benötigte Werkzeuge. Die Kinder bereiten ihre Schulsachen am Vorabend vor. Nach dem Essen wird die Küche gemeinsam aufgeräumt. Am Morgen öffnet die Bäckerei bereits vor sieben Uhr. Kleine Reparaturen werden möglichst früh erledigt.
doc-0201,education,"Fehler werden nicht bestraft, sondern als Hinweis für die nächste Übung genutzt. Neue Aufgaben sollten bekannte Inhalte in einem anderen Kontext prüfen. Die Auswertung unterscheidet zwischen Erkennen und selbstständigem Anwenden. Ein Beispiel aus dem Alltag erleichtert das Verständnis einer Regel. Digitale Übungen können den individuellen Lernfortschritt sichtbar machen. Die Gruppe diskutiert verschiedene Lösungen und begründet ihre Wahl. Die Lernplattform passt die Schwierigkeit an die bisherigen Antworten an. Die Lernenden wiederholen neue Wörter in kurzen Abständen. Eine klare Rückmeldung hilft beim Korrigieren typischer Fehler."
doc-0202,technology,"Ein Versionssystem dokumentiert jede Änderung am Quellcode. Automatisierte Tests prüfen zentrale Funktionen vor jeder Veröffentlichung. Das Entwicklungsteam überwacht die Anwendung mit automatisierten Metriken. Die Daten werden verschlüsselt übertragen und nur kurz zwischengespeichert. Die Konfiguration wird getrennt vom Programmcode verwaltet. Protokolle helfen bei der Suche nach seltenen Fehlern. Die Anwendung kann einzelne Module unabhängig aktualisieren. Eine Warteschlange entkoppelt langsame Hintergrundaufgaben. Messwerte zeigen, an welcher Stelle die meiste Zeit verloren geht."
doc-0203,environment,Die Stadt erweitert das Netz sicherer Fahrradwege. Öffentliche Verkehrsmittel reduzieren den Verkehr in der Innenstadt. Die Gemeinde informiert über Maßnahmen gegen unnötigen Müll. Ein sparsamer Umgang mit Wasser schützt lokale Reserven. Bäume senken im Sommer die Temperatur dicht bebauter Straßen. Mehrwegverpackungen können den Verbrauch von Kunststoff verringern. Naturnahe Flächen bieten Insekten und Vögeln wichtigen Lebensraum.
doc-0204,health,Sauberes Trinkwasser ist eine wichtige Grundlage der Gesundheit. Bei starken oder anhaltenden Symptomen ist professionelle Beratung notwendig. Soziale Kontakte wirken sich positiv auf das Wohlbefinden aus. Die Ärztin erklärt die Wirkung und mögliche Nebenwirkungen des Medikaments. Entspannungstechniken können den Umgang mit Stress erleichtern. Kleine Gewohnheiten sind oft leichter dauerhaft umzusetzen. Regelmäßiges Lüften verbessert die Luft in geschlossenen Räumen. Ausreichender Schlaf unterstützt Konzentration und Erholung.
doc-0205,travel,Lokale Märkte bieten regionale Speisen und handwerkliche Produkte. Der Reiseführer erklärt die Geschichte der wichtigsten Gebäude. Am Abend besuchen die Gäste ein kleines Konzert im Freien. Eine Reiseversicherung deckt bestimmte unvorhergesehene Kosten ab. Ein kleiner Rucksack erleichtert den Wechsel zwischen mehreren Verkehrsmitteln. Das Wetter kann sich in den Bergen innerhalb kurzer Zeit ändern. Mit einer Tageskarte lassen sich Busse und Bahnen flexibel nutzen. Das Hotel liegt in der Nähe des historischen Stadtzentrums. Am Bahnhof gibt es Schließfächer für größeres Gepäck.
doc-0206,work,Ein kurzes Protokoll hält Entscheidungen und offene Punkte fest. Die Projektleitung priorisiert Aufgaben nach Nutzen und Aufwand. Die Qualität eines Ergebnisses wird anhand vorher definierter Kriterien geprüft. Neue Mitarbeitende erhalten eine strukturierte Einführung. Klare Zuständigkeiten verhindern doppelte Arbeit. Komplexe Aufgaben werden in kleine überprüfbare Schritte zerlegt. Rückfragen werden möglichst früh und konkret formuliert.
doc-0207,science,Ein Modell vereinfacht die Wirklichkeit und hat deshalb klare Grenzen. Unsicherheit wird zusammen mit dem Messwert angegeben. Das Experiment wird unter denselben Bedingungen mehrfach wiederholt. Ausreißer werden geprüft und nicht automatisch entfernt. Die Forschenden dokumentieren Messwerte und mögliche Fehlerquellen. Die Stichprobe sollte die untersuchte Gruppe möglichst gut abbilden.
doc-0208,culture,"Das Museum zeigt Werke aus mehreren historischen Epochen. Ein Film kann historische Ereignisse aus persönlicher Perspektive erzählen. Die Ausstellung stellt verschiedene Sichtweisen nebeneinander. Die Bibliothek organisiert regelmäßig Lesungen und Gespräche. Ein Archiv bewahrt Briefe, Fotos und andere historische Quellen. Die Gestaltung eines öffentlichen Platzes prägt das Leben im Viertel. Digitale Sammlungen machen seltene Dokumente leichter zugänglich. Lokale Musikgruppen treten auf einem kleinen Stadtfest auf."
doc-0209,sports,Die Mannschaft beginnt das Training mit einer gründlichen Aufwärmphase. Der Trainer passt die Belastung an den aktuellen Leistungsstand an. Gemeinsame Ziele stärken die Motivation innerhalb der Gruppe. Nach einer Verletzung wird die Belastung langsam wieder erhöht. Der Verein bietet Anfängerinnen und Anfängern eigene Trainingszeiten an. Eine ausgewogene Ernährung unterstützt Training und Regeneration. Das Team analysiert nach dem Spiel erfolgreiche und schwache Situationen.
doc-0210,daily_life,Ein einfacher Wochenplan verteilt Aufgaben übersichtlich. Das Paket kann am Abend in einer Abholstation abgeholt werden. Die Nachbarn teilen sich einige selten benötigte Werkzeuge. Eine Erinnerung im Kalender hilft bei wichtigen Terminen. Die Kinder bereiten ihre Schulsachen am Vorabend vor. Der Bus fährt werktags alle zehn Minuten.
doc-0211,education,Die Auswertung unterscheidet zwischen Erkennen und selbstständigem Anwenden. Die Lehrkraft verbindet Grammatik mit konkreten Alltagssituationen. Ein Beispiel aus dem Alltag erleichtert das Verständnis einer Regel. Digitale Übungen können den individuellen Lernfortschritt sichtbar machen. Neue Aufgaben sollten bekannte Inhalte in einem anderen Kontext prüfen. Regelmäßige Wiederholung verbessert die langfristige Erinnerung.
doc-0212,technology,"Der Dienst verarbeitet viele kleine Anfragen parallel. Ein Versionssystem dokumentiert jede Änderung am Quellcode. Messwerte zeigen, an welcher Stelle die meiste Zeit verloren geht. Die Anwendung kann einzelne Module unabhängig aktualisieren. Protokolle helfen bei der Suche nach seltenen Fehlern. Eine stabile Schnittstelle erleichtert die Integration neuer Komponenten. Das Entwicklungsteam überwacht die Anwendung mit automatisierten Metriken. Ein klarer Vertrag zwischen Modulen verhindert unnötige Abhängigkeiten. Eine Warteschlange entkoppelt langsame Hintergrundaufgaben."
doc-0213,environment,Die Gemeinde informiert über Maßnahmen gegen unnötigen Müll. Neue Gebäude benötigen weniger Energie für Heizung und Kühlung. Bäume senken im Sommer die Temperatur dicht bebauter Straßen. Solaranlagen liefern auch an kühlen Tagen elektrische Energie. Ein sparsamer Umgang mit Wasser schützt lokale Reserven. Kleine Veränderungen im Alltag senken den persönlichen Energieverbrauch. Öffentliche Verkehrsmittel reduzieren den Verkehr in der Innenstadt.
doc-0214,health,"Ausreichender Schlaf unterstützt Konzentration und Erholung. Soziale Kontakte wirken sich positiv auf das Wohlbefinden aus. Regelmäßiges Lüften verbessert die Luft in geschlossenen Räumen. Viele Beschwerden lassen sich durch frühe Untersuchung besser behandeln. Eine ausgewogene Mahlzeit enthält Gemüse, Eiweiß und komplexe Kohlenhydrate. Bei starken oder anhaltenden Symptomen ist professionelle Beratung notwendig. Entspannungstechniken können den Umgang mit Stress erleichtern."
doc-0215,travel,Das Hotel liegt in der Nähe des historischen Stadtzentrums. Ein kleiner Rucksack erleichtert den Wechsel zwischen mehreren Verkehrsmitteln. Eine Reservierung ist in der Hauptsaison oft sinnvoll. Am Bahnhof gibt es Schließfächer für größeres Gepäck. Mit einer Tageskarte lassen sich Busse und Bahnen flexibel nutzen. Die Gruppe plant genügend Zeit für unerwartete Verzögerungen ein. Der Reiseführer erklärt die Geschichte der wichtigsten Gebäude. Der Zug erreicht den Hauptbahnhof am frühen Nachmittag. Eine Reiseversicherung deckt bestimmte unvorhergesehene Kosten ab.
doc-0216,work,"Eine realistische Planung berücksichtigt auch unerwartete Probleme. Neue Mitarbeitende erhalten eine strukturierte Einführung. Pausen und feste Arbeitszeiten helfen, langfristig leistungsfähig zu bleiben. Wissen wird in verständlichen Dokumenten für andere festgehalten. Die Qualität eines Ergebnisses wird anhand vorher definierter Kriterien geprüft. Regelmäßige Gespräche verbessern die Zusammenarbeit im Team. Klare Zuständigkeiten verhindern doppelte Arbeit. Rückfragen werden möglichst früh und konkret formuliert."
doc-0217,science,Ein Modell vereinfacht die Wirklichkeit und hat deshalb klare Grenzen. Ausreißer werden geprüft und nicht automatisch entfernt. Die Schlussfolgerung darf nicht über die erhobenen Daten hinausgehen. Eine Hypothese muss durch beobachtbare Daten überprüfbar sein. Unsicherheit wird zusammen mit dem Messwert angegeben. Die Genauigkeit steigt häufig mit der Zahl sauberer Beobachtungen.
doc-0218,culture,Ein Übersetzer muss Bedeutung und Ton des Originals berücksichtigen. Die Besucher diskutieren nach der Vorstellung über ihre Eindrücke. Kulturelle Angebote schaffen Räume für gemeinsame Erfahrungen. Das Museum zeigt Werke aus mehreren historischen Epochen. Die Bibliothek organisiert regelmäßig Lesungen und Gespräche. Eine Führung erklärt die Entstehung ausgewählter Bilder.
doc-0219,sports,Regelmäßiges Üben verbessert Koordination und Reaktionsfähigkeit. Fairness bleibt auch in einer engen Wettbewerbssituation wichtig. Gemeinsame Ziele stärken die Motivation innerhalb der Gruppe. Die Mannschaft beginnt das Training mit einer gründlichen Aufwärmphase. Eine ausgewogene Ernährung unterstützt Training und Regeneration. Der Trainer passt die Belastung an den aktuellen Leistungsstand an. Das Team analysiert nach dem Spiel erfolgreiche und schwache Situationen. Eine saubere Technik reduziert das Risiko unnötiger Verletzungen.
doc-0220,daily_life,Eine Erinnerung im Kalender hilft bei wichtigen Terminen. Gemeinsame Mahlzeiten bieten Zeit für ruhige Gespräche. Die Kinder bereiten ihre Schulsachen am Vorabend vor. Kleine Reparaturen werden möglichst früh erledigt. Vor dem Urlaub werden Fenster und elektrische Geräte kontrolliert. Ein einfacher Wochenplan verteilt Aufgaben übersichtlich.
doc-0221,education,"Kurze Tests zeigen, welche Begriffe noch unsicher sind. Die Lernplattform passt die Schwierigkeit an die bisherigen Antworten an. Regelmäßige Wiederholung verbessert die langfristige Erinnerung. Digitale Übungen können den individuellen Lernfortschritt sichtbar machen. Die Auswertung unterscheidet zwischen Erkennen und selbstständigem Anwenden. Die Lernenden wiederholen neue Wörter in kurzen Abständen. Ein Beispiel aus dem Alltag erleichtert das Verständnis einer Regel. Eine klare Rückmeldung hilft beim Korrigieren typischer Fehler."
doc-0222,technology,Automatisierte Tests prüfen zentrale Funktionen vor jeder Veröffentlichung. Ein Versionssystem dokumentiert jede Änderung am Quellcode. Ein klarer Vertrag zwischen Modulen verhindert unnötige Abhängigkeiten. Die Daten werden verschlüsselt übertragen und nur kurz zwischengespeichert. Das Entwicklungsteam überwacht die Anwendung mit automatisierten Metriken. Die Architektur trennt Geschäftslogik und Benutzerschnittstelle. Protokolle helfen bei der Suche nach seltenen Fehlern.
doc-0223,environment,Mehrwegverpackungen können den Verbrauch von Kunststoff verringern. Neue Gebäude benötigen weniger Energie für Heizung und Kühlung. Die Messstation erfasst Luftqualität und Lärm zu verschiedenen Tageszeiten. Ein sparsamer Umgang mit Wasser schützt lokale Reserven. Die Gemeinde informiert über Maßnahmen gegen unnötigen Müll. Naturnahe Flächen bieten Insekten und Vögeln wichtigen Lebensraum.
doc-0224,health,Die Ärztin erklärt die Wirkung und mögliche Nebenwirkungen des Medikaments. Ein realistischer Trainingsplan verhindert unnötige Überlastung. Eine gute Körperhaltung entlastet Rücken und Schultern. Gesundheitsdaten sollten vertraulich und nachvollziehbar verarbeitet werden. Entspannungstechniken können den Umgang mit Stress erleichtern. Soziale Kontakte wirken sich positiv auf das Wohlbefinden aus. Bei starken oder anhaltenden Symptomen ist professionelle Beratung notwendig. Regelmäßige Bewegung stärkt den Kreislauf und verbessert die Ausdauer.
doc-0225,travel,Mit einer Tageskarte lassen sich Busse und Bahnen flexibel nutzen. Am Bahnhof gibt es Schließfächer für größeres Gepäck. Ein kleiner Rucksack erleichtert den Wechsel zwischen mehreren Verkehrsmitteln. Eine Reservierung ist in der Hauptsaison oft sinnvoll. Eine Reiseversicherung deckt bestimmte unvorhergesehene Kosten ab. Das Hotel liegt in der Nähe des historischen Stadtzentrums. Am Abend besuchen die Gäste ein kleines Konzert im Freien. Der Zug erreicht den Hauptbahnhof am frühen Nachmittag.
doc-0226,work,Die Besprechung endet mit klaren nächsten Schritten. Ein ruhiger Arbeitsplatz unterstützt konzentriertes Arbeiten. Die Projektleitung priorisiert Aufgaben nach Nutzen und Aufwand. Klare Zuständigkeiten verhindern doppelte Arbeit. Rückfragen werden möglichst früh und konkret formuliert. Regelmäßige Gespräche verbessern die Zusammenarbeit im Team. Komplexe Aufgaben werden in kleine überprüfbare Schritte zerlegt. Wissen wird in verständlichen Dokumenten für andere festgehalten.
doc-0227,science,Die Schlussfolgerung darf nicht über die erhobenen Daten hinausgehen. Eine Hypothese muss durch beobachtbare Daten überprüfbar sein. Neue Ergebnisse werden mit früheren Studien verglichen. Die Forschenden dokumentieren Messwerte und mögliche Fehlerquellen. Das Experiment wird unter denselben Bedingungen mehrfach wiederholt. Eine grafische Darstellung macht auffällige Muster sichtbar. Ausreißer werden geprüft und nicht automatisch entfernt. Ein Modell vereinfacht die Wirklichkeit und hat deshalb klare Grenzen.
doc-0228,culture,"Die Besucher diskutieren nach der Vorstellung über ihre Eindrücke. Kulturelle Angebote schaffen Räume für gemeinsame Erfahrungen. Traditionen verändern sich, wenn neue Generationen sie weiterentwickeln. Die Bibliothek organisiert regelmäßig Lesungen und Gespräche. Die Ausstellung stellt verschiedene Sichtweisen nebeneinander. Das Museum zeigt Werke aus mehreren historischen Epochen. Ein Archiv bewahrt Briefe, Fotos und andere historische Quellen. Die Gestaltung eines öffentlichen Platzes prägt das Leben im Viertel."
doc-0229,sports,Das Team analysiert nach dem Spiel erfolgreiche und schwache Situationen. Eine ausgewogene Ernährung unterstützt Training und Regeneration. Gemeinsame Ziele stärken die Motivation innerhalb der Gruppe. Krafttraining ergänzt viele Ausdauersportarten sinnvoll. Regelmäßiges Üben verbessert Koordination und Reaktionsfähigkeit. Die Mannschaft beginnt das Training mit einer gründlichen Aufwärmphase. Der Trainer passt die Belastung an den aktuellen Leistungsstand an. Ausdauer entsteht durch langfristiges und gleichmäßiges Training. Nach einer Verletzung wird die Belastung langsam wieder erhöht.
doc-0230,daily_life,Vor dem Urlaub werden Fenster und elektrische Geräte kontrolliert. Kleine Reparaturen werden möglichst früh erledigt. Die Nachbarn teilen sich einige selten benötigte Werkzeuge. Gemeinsame Mahlzeiten bieten Zeit für ruhige Gespräche. Ein fester Platz für Schlüssel spart täglich Zeit. Die Familie plant die Einkäufe für die gesamte Woche. Eine Einkaufsliste verhindert unnötige spontane Käufe. Nach dem Essen wird die Küche gemeinsam aufgeräumt. Ein einfacher Wochenplan verteilt Aufgaben übersichtlich.
doc-0231,education,"Die Lernenden wiederholen neue Wörter in kurzen Abständen. Die Lehrkraft verbindet Grammatik mit konkreten Alltagssituationen. Viele Lernende profitieren von kleinen und erreichbaren Zwischenzielen. Fehler werden nicht bestraft, sondern als Hinweis für die nächste Übung genutzt. Ein Beispiel aus dem Alltag erleichtert das Verständnis einer Regel. Digitale Übungen können den individuellen Lernfortschritt sichtbar machen."
doc-0232,technology,Eine stabile Schnittstelle erleichtert die Integration neuer Komponenten. Die Architektur trennt Geschäftslogik und Benutzerschnittstelle. Die Anwendung kann einzelne Module unabhängig aktualisieren. Ein Versionssystem dokumentiert jede Änderung am Quellcode. Eine Warteschlange entkoppelt langsame Hintergrundaufgaben. Die Daten werden verschlüsselt übertragen und nur kurz zwischengespeichert.
doc-0233,environment,"Viele Haushalte trennen Papier, Glas und Bioabfall. Mehrwegverpackungen können den Verbrauch von Kunststoff verringern. Ein sparsamer Umgang mit Wasser schützt lokale Reserven. Öffentliche Verkehrsmittel reduzieren den Verkehr in der Innenstadt. Die Gemeinde informiert über Maßnahmen gegen unnötigen Müll. Neue Gebäude benötigen weniger Energie für Heizung und Kühlung."
doc-0234,health,"Kleine Gewohnheiten sind oft leichter dauerhaft umzusetzen. Ein realistischer Trainingsplan verhindert unnötige Überlastung. Viele Beschwerden lassen sich durch frühe Untersuchung besser behandeln. Sauberes Trinkwasser ist eine wichtige Grundlage der Gesundheit. Die Ärztin erklärt die Wirkung und mögliche Nebenwirkungen des Medikaments. Eine ausgewogene Mahlzeit enthält Gemüse, Eiweiß und komplexe Kohlenhydrate."
doc-0235,travel,Das Hotel liegt in der Nähe des historischen Stadtzentrums. Lokale Märkte bieten regionale Speisen und handwerkliche Produkte. Mit einer Tageskarte lassen sich Busse und Bahnen flexibel nutzen. Eine digitale Karte funktioniert auch ohne aktive Internetverbindung. Der Zug erreicht den Hauptbahnhof am frühen Nachmittag. Eine Reservierung ist in der Hauptsaison oft sinnvoll. Am Abend besuchen die Gäste ein kleines Konzert im Freien. Eine Reiseversicherung deckt bestimmte unvorhergesehene Kosten ab.
doc-0236,work,Ein kurzes Protokoll hält Entscheidungen und offene Punkte fest. Rückfragen werden möglichst früh und konkret formuliert. Neue Mitarbeitende erhalten eine strukturierte Einführung. Die Besprechung endet mit klaren nächsten Schritten. Regelmäßige Gespräche verbessern die Zusammenarbeit im Team. Ein ruhiger Arbeitsplatz unterstützt konzentriertes Arbeiten. Das Team bespricht am Morgen die wichtigsten Aufgaben des Tages.
doc-0237,science,Eine Hypothese muss durch beobachtbare Daten überprüfbar sein. Die Stichprobe sollte die untersuchte Gruppe möglichst gut abbilden. Die Forschenden dokumentieren Messwerte und mögliche Fehlerquellen. Die Analyse trennt Korrelation und tatsächliche Ursache. Die Genauigkeit steigt häufig mit der Zahl sauberer Beobachtungen. Das Experiment wird unter denselben Bedingungen mehrfach wiederholt. Unsicherheit wird zusammen mit dem Messwert angegeben. Neue Ergebnisse werden mit früheren Studien verglichen.
doc-0238,culture,"Die Ausstellung stellt verschiedene Sichtweisen nebeneinander. Literatur kann gesellschaftliche Konflikte aus ungewohnter Sicht zeigen. Eine Führung erklärt die Entstehung ausgewählter Bilder. Ein Film kann historische Ereignisse aus persönlicher Perspektive erzählen. Das Theater verbindet klassische Texte mit moderner Bühnentechnik. Ein Archiv bewahrt Briefe, Fotos und andere historische Quellen."
doc-0239,sports,Der Verein bietet Anfängerinnen und Anfängern eigene Trainingszeiten an. Nach einer Verletzung wird die Belastung langsam wieder erhöht. Regelmäßiges Üben verbessert Koordination und Reaktionsfähigkeit. Die Läuferin kontrolliert ihr Tempo auf den ersten Kilometern. Ausdauer entsteht durch langfristiges und gleichmäßiges Training. Der Trainer passt die Belastung an den aktuellen Leistungsstand an. Krafttraining ergänzt viele Ausdauersportarten sinnvoll. Eine ausgewogene Ernährung unterstützt Training und Regeneration. Das Team analysiert nach dem Spiel erfolgreiche und schwache Situationen.
doc-0240,daily_life,Am Morgen öffnet die Bäckerei bereits vor sieben Uhr. Ein fester Platz für Schlüssel spart täglich Zeit. Eine Einkaufsliste verhindert unnötige spontane Käufe. Das Paket kann am Abend in einer Abholstation abgeholt werden. Nach dem Essen wird die Küche gemeinsam aufgeräumt. Die Familie plant die Einkäufe für die gesamte Woche.
doc-0241,education,"Ein Beispiel aus dem Alltag erleichtert das Verständnis einer Regel. Neue Aufgaben sollten bekannte Inhalte in einem anderen Kontext prüfen. Regelmäßige Wiederholung verbessert die langfristige Erinnerung. Die Lehrkraft verbindet Grammatik mit konkreten Alltagssituationen. Die Lernplattform passt die Schwierigkeit an die bisherigen Antworten an. Kurze Tests zeigen, welche Begriffe noch unsicher sind. Viele Lernende profitieren von kleinen und erreichbaren Zwischenzielen."
doc-0242,technology,Der Dienst verarbeitet viele kleine Anfragen parallel. Ein klarer Vertrag zwischen Modulen verhindert unnötige Abhängigkeiten. Protokolle helfen bei der Suche nach seltenen Fehlern. Eine stabile Schnittstelle erleichtert die Integration neuer Komponenten. Eine Warteschlange entkoppelt langsame Hintergrundaufgaben. Die Anwendung kann einzelne Module unabhängig aktualisieren. Automatisierte Tests prüfen zentrale Funktionen vor jeder Veröffentlichung.
doc-0243,environment,Ein sparsamer Umgang mit Wasser schützt lokale Reserven. Der Fluss wird regelmäßig auf Schadstoffe untersucht. Die Gemeinde informiert über Maßnahmen gegen unnötigen Müll. Naturnahe Flächen bieten Insekten und Vögeln wichtigen Lebensraum. Mehrwegverpackungen können den Verbrauch von Kunststoff verringern. Landwirte testen Methoden zum Schutz fruchtbarer Böden.
doc-0244,health,Gesundheitsdaten sollten vertraulich und nachvollziehbar verarbeitet werden. Eine gute Körperhaltung entlastet Rücken und Schultern. Ein realistischer Trainingsplan verhindert unnötige Überlastung. Sauberes Trinkwasser ist eine wichtige Grundlage der Gesundheit. Kleine Gewohnheiten sind oft leichter dauerhaft umzusetzen. Soziale Kontakte wirken sich positiv auf das Wohlbefinden aus.
doc-0245,travel,Der Zug erreicht den Hauptbahnhof am frühen Nachmittag. Der Reiseführer erklärt die Geschichte der wichtigsten Gebäude. Das Wetter kann sich in den Bergen innerhalb kurzer Zeit ändern. Lokale Märkte bieten regionale Speisen und handwerkliche Produkte. Das Hotel liegt in der Nähe des historischen Stadtzentrums. Mit einer Tageskarte lassen sich Busse und Bahnen flexibel nutzen.
doc-0246,work,"Neue Mitarbeitende erhalten eine strukturierte Einführung. Automatisierung reduziert wiederkehrende manuelle Tätigkeiten. Die Besprechung endet mit klaren nächsten Schritten. Rückfragen werden möglichst früh und konkret formuliert. Ein ruhiger Arbeitsplatz unterstützt konzentriertes Arbeiten. Pausen und feste Arbeitszeiten helfen, langfristig leistungsfähig zu bleiben. Die Qualität eines Ergebnisses wird anhand vorher definierter Kriterien geprüft."
doc-0247,science,Eine Hypothese muss durch beobachtbare Daten überprüfbar sein. Ein Kontrollversuch hilft bei der Interpretation des Ergebnisses. Die Genauigkeit steigt häufig mit der Zahl sauberer Beobachtungen. Eine grafische Darstellung macht auffällige Muster sichtbar. Die Schlussfolgerung darf nicht über die erhobenen Daten hinausgehen. Unsicherheit wird zusammen mit dem Messwert angegeben. Ein Modell vereinfacht die Wirklichkeit und hat deshalb klare Grenzen. Die Analyse trennt Korrelation und tatsächliche Ursache. Die Stichprobe sollte die untersuchte Gruppe möglichst gut abbilden.
doc-0248,culture,"Eine Führung erklärt die Entstehung ausgewählter Bilder. Literatur kann gesellschaftliche Konflikte aus ungewohnter Sicht zeigen. Ein Übersetzer muss Bedeutung und Ton des Originals berücksichtigen. Die Gestaltung eines öffentlichen Platzes prägt das Leben im Viertel. Ein Archiv bewahrt Briefe, Fotos und andere historische Quellen. Traditionen verändern sich, wenn neue Generationen sie weiterentwickeln. Die Ausstellung stellt verschiedene Sichtweisen nebeneinander."
doc-0249,sports,Fairness bleibt auch in einer engen Wettbewerbssituation wichtig. Krafttraining ergänzt viele Ausdauersportarten sinnvoll. Ausdauer entsteht durch langfristiges und gleichmäßiges Training. Kurze intensive Einheiten benötigen ausreichende Erholung. Der Verein bietet Anfängerinnen und Anfängern eigene Trainingszeiten an. Die Mannschaft beginnt das Training mit einer gründlichen Aufwärmphase. Der Trainer passt die Belastung an den aktuellen Leistungsstand an.
doc-0250,daily_life,Eine Erinnerung im Kalender hilft bei wichtigen Terminen. Gemeinsame Mahlzeiten bieten Zeit für ruhige Gespräche. Ein fester Platz für Schlüssel spart täglich Zeit. Am Wochenende wird das Fahrrad gründlich gereinigt. Nach dem Essen wird die Küche gemeinsam aufgeräumt. Eine Einkaufsliste verhindert unnötige spontane Käufe. Das Paket kann am Abend in einer Abholstation abgeholt werden. Die Kinder bereiten ihre Schulsachen am Vorabend vor. Die Nachbarn teilen sich einige selten benötigte Werkzeuge.
doc-0251,education,Die Auswertung unterscheidet zwischen Erkennen und selbstständigem Anwenden. Ein Beispiel aus dem Alltag erleichtert das Verständnis einer Regel. Eine klare Rückmeldung hilft beim Korrigieren typischer Fehler. Neue Aufgaben sollten bekannte Inhalte in einem anderen Kontext prüfen. Die Lernenden wiederholen neue Wörter in kurzen Abständen. Viele Lernende profitieren von kleinen und erreichbaren Zwischenzielen. Die Gruppe diskutiert verschiedene Lösungen und begründet ihre Wahl. Die Lernplattform passt die Schwierigkeit an die bisherigen Antworten an.
doc-0252,technology,"Ein klarer Vertrag zwischen Modulen verhindert unnötige Abhängigkeiten. Der Dienst verarbeitet viele kleine Anfragen parallel. Messwerte zeigen, an welcher Stelle die meiste Zeit verloren geht. Die Konfiguration wird getrennt vom Programmcode verwaltet. Protokolle helfen bei der Suche nach seltenen Fehlern. Eine stabile Schnittstelle erleichtert die Integration neuer Komponenten. Automatisierte Tests prüfen zentrale Funktionen vor jeder Veröffentlichung. Die Architektur trennt Geschäftslogik und Benutzerschnittstelle. Große Datenmengen werden schrittweise statt vollständig im Speicher verarbeitet."
doc-0253,environment,"Landwirte testen Methoden zum Schutz fruchtbarer Böden. Viele Haushalte trennen Papier, Glas und Bioabfall. Naturnahe Flächen bieten Insekten und Vögeln wichtigen Lebensraum. Die Messstation erfasst Luftqualität und Lärm zu verschiedenen Tageszeiten. Bäume senken im Sommer die Temperatur dicht bebauter Straßen. Die Stadt erweitert das Netz sicherer Fahrradwege. Ein sparsamer Umgang mit Wasser schützt lokale Reserven. Regionale Produkte vermeiden lange Transportwege."
doc-0254,health,Sauberes Trinkwasser ist eine wichtige Grundlage der Gesundheit. Eine gute Körperhaltung entlastet Rücken und Schultern. Regelmäßiges Lüften verbessert die Luft in geschlossenen Räumen. Bei starken oder anhaltenden Symptomen ist professionelle Beratung notwendig. Regelmäßige Bewegung stärkt den Kreislauf und verbessert die Ausdauer. Ausreichender Schlaf unterstützt Konzentration und Erholung. Soziale Kontakte wirken sich positiv auf das Wohlbefinden aus. Viele Beschwerden lassen sich durch frühe Untersuchung besser behandeln.
doc-0255,travel,Am Bahnhof gibt es Schließfächer für größeres Gepäck. Lokale Märkte bieten regionale Speisen und handwerkliche Produkte. Eine Reservierung ist in der Hauptsaison oft sinnvoll. Der Reiseführer erklärt die Geschichte der wichtigsten Gebäude. Die Gruppe plant genügend Zeit für unerwartete Verzögerungen ein. Reisende prüfen vor der Abfahrt die aktuelle Verbindung. Ein kleiner Rucksack erleichtert den Wechsel zwischen mehreren Verkehrsmitteln. Das Wetter kann sich in den Bergen innerhalb kurzer Zeit ändern.
doc-0256,work,"Die Projektleitung priorisiert Aufgaben nach Nutzen und Aufwand. Regelmäßige Gespräche verbessern die Zusammenarbeit im Team. Das Team bespricht am Morgen die wichtigsten Aufgaben des Tages. Pausen und feste Arbeitszeiten helfen, langfristig leistungsfähig zu bleiben. Wissen wird in verständlichen Dokumenten für andere festgehalten. Ein ruhiger Arbeitsplatz unterstützt konzentriertes Arbeiten. Komplexe Aufgaben werden in kleine überprüfbare Schritte zerlegt. Die Qualität eines Ergebnisses wird anhand vorher definierter Kriterien geprüft."
doc-0257,science,Die Stichprobe sollte die untersuchte Gruppe möglichst gut abbilden. Ein Kontrollversuch hilft bei der Interpretation des Ergebnisses. Unsicherheit wird zusammen mit dem Messwert angegeben. Die Schlussfolgerung darf nicht über die erhobenen Daten hinausgehen. Ein Modell vereinfacht die Wirklichkeit und hat deshalb klare Grenzen. Neue Ergebnisse werden mit früheren Studien verglichen. Die Analyse trennt Korrelation und tatsächliche Ursache.
doc-0258,culture,"Das Museum zeigt Werke aus mehreren historischen Epochen. Traditionen verändern sich, wenn neue Generationen sie weiterentwickeln. Eine Führung erklärt die Entstehung ausgewählter Bilder. Ein Film kann historische Ereignisse aus persönlicher Perspektive erzählen. Ein Übersetzer muss Bedeutung und Ton des Originals berücksichtigen. Literatur kann gesellschaftliche Konflikte aus ungewohnter Sicht zeigen. Das Theater verbindet klassische Texte mit moderner Bühnentechnik. Lokale Musikgruppen treten auf einem kleinen Stadtfest auf."
doc-0259,sports,Regelmäßiges Üben verbessert Koordination und Reaktionsfähigkeit. Krafttraining ergänzt viele Ausdauersportarten sinnvoll. Die Läuferin kontrolliert ihr Tempo auf den ersten Kilometern. Der Verein bietet Anfängerinnen und Anfängern eigene Trainingszeiten an. Kurze intensive Einheiten benötigen ausreichende Erholung. Das Team analysiert nach dem Spiel erfolgreiche und schwache Situationen. Eine saubere Technik reduziert das Risiko unnötiger Verletzungen.
doc-0260,daily_life,Das Paket kann am Abend in einer Abholstation abgeholt werden. Der Bus fährt werktags alle zehn Minuten. Am Morgen öffnet die Bäckerei bereits vor sieben Uhr. Die Familie plant die Einkäufe für die gesamte Woche. Eine Einkaufsliste verhindert unnötige spontane Käufe. Vor dem Urlaub werden Fenster und elektrische Geräte kontrolliert. Kleine Reparaturen werden möglichst früh erledigt. Am Wochenende wird das Fahrrad gründlich gereinigt. Die Nachbarn teilen sich einige selten benötigte Werkzeuge.
doc-0261,education,"Die Lehrkraft verbindet Grammatik mit konkreten Alltagssituationen. Neue Aufgaben sollten bekannte Inhalte in einem anderen Kontext prüfen. Die Auswertung unterscheidet zwischen Erkennen und selbstständigem Anwenden. Die Gruppe diskutiert verschiedene Lösungen und begründet ihre Wahl. Das aktive Abrufen ist oft wirksamer als das bloße Lesen. Ein Beispiel aus dem Alltag erleichtert das Verständnis einer Regel. Kurze Tests zeigen, welche Begriffe noch unsicher sind. Die Lernplattform passt die Schwierigkeit an die bisherigen Antworten an. Die Lernenden wiederholen neue Wörter in kurzen Abständen."
doc-0262,technology,"Der Dienst verarbeitet viele kleine Anfragen parallel. Protokolle helfen bei der Suche nach seltenen Fehlern. Die Architektur trennt Geschäftslogik und Benutzerschnittstelle. Automatisierte Tests prüfen zentrale Funktionen vor jeder Veröffentlichung. Messwerte zeigen, an welcher Stelle die meiste Zeit verloren geht. Ein klarer Vertrag zwischen Modulen verhindert unnötige Abhängigkeiten. Die Daten werden verschlüsselt übertragen und nur kurz zwischengespeichert. Eine stabile Schnittstelle erleichtert die Integration neuer Komponenten. Ein Versionssystem dokumentiert jede Änderung am Quellcode."
doc-0263,environment,"Die Gemeinde informiert über Maßnahmen gegen unnötigen Müll. Die Stadt erweitert das Netz sicherer Fahrradwege. Die Messstation erfasst Luftqualität und Lärm zu verschiedenen Tageszeiten. Regionale Produkte vermeiden lange Transportwege. Ein sparsamer Umgang mit Wasser schützt lokale Reserven. Solaranlagen liefern auch an kühlen Tagen elektrische Energie. Viele Haushalte trennen Papier, Glas und Bioabfall. Bäume senken im Sommer die Temperatur dicht bebauter Straßen. Neue Gebäude benötigen weniger Energie für Heizung und Kühlung."
doc-0264,health,Die Ärztin erklärt die Wirkung und mögliche Nebenwirkungen des Medikaments. Sauberes Trinkwasser ist eine wichtige Grundlage der Gesundheit. Bei starken oder anhaltenden Symptomen ist professionelle Beratung notwendig. Gesundheitsdaten sollten vertraulich und nachvollziehbar verarbeitet werden. Regelmäßiges Lüften verbessert die Luft in geschlossenen Räumen. Soziale Kontakte wirken sich positiv auf das Wohlbefinden aus. Regelmäßige Bewegung stärkt den Kreislauf und verbessert die Ausdauer. Ausreichender Schlaf unterstützt Konzentration und Erholung.
doc-0265,travel,Reisende prüfen vor der Abfahrt die aktuelle Verbindung. Am Bahnhof gibt es Schließfächer für größeres Gepäck. Eine digitale Karte funktioniert auch ohne aktive Internetverbindung. Die Wanderroute führt durch einen ruhigen Wald und entlang eines Sees. Lokale Märkte bieten regionale Speisen und handwerkliche Produkte. Ein kleiner Rucksack erleichtert den Wechsel zwischen mehreren Verkehrsmitteln.
doc-0266,work,"Neue Mitarbeitende erhalten eine strukturierte Einführung. Eine realistische Planung berücksichtigt auch unerwartete Probleme. Regelmäßige Gespräche verbessern die Zusammenarbeit im Team. Wissen wird in verständlichen Dokumenten für andere festgehalten. Ein ruhiger Arbeitsplatz unterstützt konzentriertes Arbeiten. Pausen und feste Arbeitszeiten helfen, langfristig leistungsfähig zu bleiben."
doc-0267,science,Die Schlussfolgerung darf nicht über die erhobenen Daten hinausgehen. Neue Ergebnisse werden mit früheren Studien verglichen. Ein Kontrollversuch hilft bei der Interpretation des Ergebnisses. Die Genauigkeit steigt häufig mit der Zahl sauberer Beobachtungen. Unsicherheit wird zusammen mit dem Messwert angegeben. Die Forschenden dokumentieren Messwerte und mögliche Fehlerquellen.
doc-0268,culture,Die Besucher diskutieren nach der Vorstellung über ihre Eindrücke. Ein Übersetzer muss Bedeutung und Ton des Originals berücksichtigen. Die Ausstellung stellt verschiedene Sichtweisen nebeneinander. Kulturelle Angebote schaffen Räume für gemeinsame Erfahrungen. Digitale Sammlungen machen seltene Dokumente leichter zugänglich. Literatur kann gesellschaftliche Konflikte aus ungewohnter Sicht zeigen.
doc-0269,sports,Das Team analysiert nach dem Spiel erfolgreiche und schwache Situationen. Krafttraining ergänzt viele Ausdauersportarten sinnvoll. Der Trainer passt die Belastung an den aktuellen Leistungsstand an. Eine ausgewogene Ernährung unterstützt Training und Regeneration. Gemeinsame Ziele stärken die Motivation innerhalb der Gruppe. Messbare Zwischenziele machen Fortschritte besser sichtbar. Ausdauer entsteht durch langfristiges und gleichmäßiges Training.
doc-0270,daily_life,Ein fester Platz für Schlüssel spart täglich Zeit. Die Familie plant die Einkäufe für die gesamte Woche. Die Kinder bereiten ihre Schulsachen am Vorabend vor. Vor dem Urlaub werden Fenster und elektrische Geräte kontrolliert. Ein einfacher Wochenplan verteilt Aufgaben übersichtlich. Eine Einkaufsliste verhindert unnötige spontane Käufe. Das Paket kann am Abend in einer Abholstation abgeholt werden. Eine Erinnerung im Kalender hilft bei wichtigen Terminen.
doc-0271,education,Das aktive Abrufen ist oft wirksamer als das bloße Lesen. Neue Aufgaben sollten bekannte Inhalte in einem anderen Kontext prüfen. Die Gruppe diskutiert verschiedene Lösungen und begründet ihre Wahl. Die Lernplattform passt die Schwierigkeit an die bisherigen Antworten an. Die Auswertung unterscheidet zwischen Erkennen und selbstständigem Anwenden. Die Lernenden wiederholen neue Wörter in kurzen Abständen. Ein strukturierter Lernplan reduziert unnötige Wiederholungen. Viele Lernende profitieren von kleinen und erreichbaren Zwischenzielen. Regelmäßige Wiederholung verbessert die langfristige Erinnerung.
doc-0272,technology,Die Konfiguration wird getrennt vom Programmcode verwaltet. Der Dienst verarbeitet viele kleine Anfragen parallel. Eine Warteschlange entkoppelt langsame Hintergrundaufgaben. Das Entwicklungsteam überwacht die Anwendung mit automatisierten Metriken. Ein klarer Vertrag zwischen Modulen verhindert unnötige Abhängigkeiten. Ein Versionssystem dokumentiert jede Änderung am Quellcode. Die Daten werden verschlüsselt übertragen und nur kurz zwischengespeichert. Automatisierte Tests prüfen zentrale Funktionen vor jeder Veröffentlichung. Protokolle helfen bei der Suche nach seltenen Fehlern.
doc-0273,environment,Bäume senken im Sommer die Temperatur dicht bebauter Straßen. Mehrwegverpackungen können den Verbrauch von Kunststoff verringern. Naturnahe Flächen bieten Insekten und Vögeln wichtigen Lebensraum. Öffentliche Verkehrsmittel reduzieren den Verkehr in der Innenstadt. Landwirte testen Methoden zum Schutz fruchtbarer Böden. Ein sparsamer Umgang mit Wasser schützt lokale Reserven.
doc-0274,health,Eine gute Körperhaltung entlastet Rücken und Schultern. Ein realistischer Trainingsplan verhindert unnötige Überlastung. Die Ärztin erklärt die Wirkung und mögliche Nebenwirkungen des Medikaments. Regelmäßige Bewegung stärkt den Kreislauf und verbessert die Ausdauer. Gesundheitsdaten sollten vertraulich und nachvollziehbar verarbeitet werden. Kurze Pausen helfen bei langer Arbeit am Bildschirm.
doc-0275,travel,Eine Reiseversicherung deckt bestimmte unvorhergesehene Kosten ab. Am Abend besuchen die Gäste ein kleines Konzert im Freien. Mit einer Tageskarte lassen sich Busse und Bahnen flexibel nutzen. Der Zug erreicht den Hauptbahnhof am frühen Nachmittag. Das Wetter kann sich in den Bergen innerhalb kurzer Zeit ändern. Eine digitale Karte funktioniert auch ohne aktive Internetverbindung. Die Gruppe plant genügend Zeit für unerwartete Verzögerungen ein. Reisende prüfen vor der Abfahrt die aktuelle Verbindung.
doc-0276,work,"Automatisierung reduziert wiederkehrende manuelle Tätigkeiten. Pausen und feste Arbeitszeiten helfen, langfristig leistungsfähig zu bleiben. Regelmäßige Gespräche verbessern die Zusammenarbeit im Team. Die Qualität eines Ergebnisses wird anhand vorher definierter Kriterien geprüft. Wissen wird in verständlichen Dokumenten für andere festgehalten. Rückfragen werden möglichst früh und konkret formuliert. Das Team bespricht am Morgen die wichtigsten Aufgaben des Tages."
doc-0277,science,Die Genauigkeit steigt häufig mit der Zahl sauberer Beobachtungen. Eine Hypothese muss durch beobachtbare Daten überprüfbar sein. Neue Ergebnisse werden mit früheren Studien verglichen. Die Analyse trennt Korrelation und tatsächliche Ursache. Eine grafische Darstellung macht auffällige Muster sichtbar. Das Experiment wird unter denselben Bedingungen mehrfach wiederholt. Offene Daten erleichtern die unabhängige Überprüfung einer Untersuchung.
doc-0278,culture,Ein Film kann historische Ereignisse aus persönlicher Perspektive erzählen. Die Bibliothek organisiert regelmäßig Lesungen und Gespräche. Die Gestaltung eines öffentlichen Platzes prägt das Leben im Viertel. Ein Übersetzer muss Bedeutung und Ton des Originals berücksichtigen. Das Museum zeigt Werke aus mehreren historischen Epochen. Die Besucher diskutieren nach der Vorstellung über ihre Eindrücke.
doc-0279,sports,Der Trainer passt die Belastung an den aktuellen Leistungsstand an. Das Team analysiert nach dem Spiel erfolgreiche und schwache Situationen. Ausdauer entsteht durch langfristiges und gleichmäßiges Training. Regelmäßiges Üben verbessert Koordination und Reaktionsfähigkeit. Die Mannschaft beginnt das Training mit einer gründlichen Aufwärmphase. Messbare Zwischenziele machen Fortschritte besser sichtbar. Nach einer Verletzung wird die Belastung langsam wieder erhöht. Die Läuferin kontrolliert ihr Tempo auf den ersten Kilometern.
doc-0280,daily_life,Nach dem Essen wird die Küche gemeinsam aufgeräumt. Der Bus fährt werktags alle zehn Minuten. Am Wochenende wird das Fahrrad gründlich gereinigt. Die Nachbarn teilen sich einige selten benötigte Werkzeuge. Vor dem Urlaub werden Fenster und elektrische Geräte kontrolliert. Eine Einkaufsliste verhindert unnötige spontane Käufe. Am Morgen öffnet die Bäckerei bereits vor sieben Uhr. Gemeinsame Mahlzeiten bieten Zeit für ruhige Gespräche.
doc-0281,education,"Kurze Tests zeigen, welche Begriffe noch unsicher sind. Regelmäßige Wiederholung verbessert die langfristige Erinnerung. Die Auswertung unterscheidet zwischen Erkennen und selbstständigem Anwenden. Neue Aufgaben sollten bekannte Inhalte in einem anderen Kontext prüfen. Die Gruppe diskutiert verschiedene Lösungen und begründet ihre Wahl. Ein strukturierter Lernplan reduziert unnötige Wiederholungen. Eine klare Rückmeldung hilft beim Korrigieren typischer Fehler. Digitale Übungen können den individuellen Lernfortschritt sichtbar machen."
doc-0282,technology,Die Architektur trennt Geschäftslogik und Benutzerschnittstelle. Das Entwicklungsteam überwacht die Anwendung mit automatisierten Metriken. Ein Versionssystem dokumentiert jede Änderung am Quellcode. Die Konfiguration wird getrennt vom Programmcode verwaltet. Der Dienst verarbeitet viele kleine Anfragen parallel. Ein Cache verkürzt die Antwortzeit bei häufigen Abfragen. Die Anwendung kann einzelne Module unabhängig aktualisieren. Eine Warteschlange entkoppelt langsame Hintergrundaufgaben.
doc-0283,environment,"Viele Haushalte trennen Papier, Glas und Bioabfall. Naturnahe Flächen bieten Insekten und Vögeln wichtigen Lebensraum. Solaranlagen liefern auch an kühlen Tagen elektrische Energie. Kleine Veränderungen im Alltag senken den persönlichen Energieverbrauch. Die Messstation erfasst Luftqualität und Lärm zu verschiedenen Tageszeiten. Regionale Produkte vermeiden lange Transportwege."
doc-0284,health,"Sauberes Trinkwasser ist eine wichtige Grundlage der Gesundheit. Ein realistischer Trainingsplan verhindert unnötige Überlastung. Gesundheitsdaten sollten vertraulich und nachvollziehbar verarbeitet werden. Eine ausgewogene Mahlzeit enthält Gemüse, Eiweiß und komplexe Kohlenhydrate. Regelmäßiges Lüften verbessert die Luft in geschlossenen Räumen. Die Ärztin erklärt die Wirkung und mögliche Nebenwirkungen des Medikaments. Regelmäßige Bewegung stärkt den Kreislauf und verbessert die Ausdauer. Kleine Gewohnheiten sind oft leichter dauerhaft umzusetzen. Viele Beschwerden lassen sich durch frühe Untersuchung besser behandeln."
doc-0285,travel,Der Reiseführer erklärt die Geschichte der wichtigsten Gebäude. Eine Reservierung ist in der Hauptsaison oft sinnvoll. Die Wanderroute führt durch einen ruhigen Wald und entlang eines Sees. Die Gruppe plant genügend Zeit für unerwartete Verzögerungen ein. Das Hotel liegt in der Nähe des historischen Stadtzentrums. Reisende prüfen vor der Abfahrt die aktuelle Verbindung. Das Wetter kann sich in den Bergen innerhalb kurzer Zeit ändern. Mit einer Tageskarte lassen sich Busse und Bahnen flexibel nutzen. Ein kleiner Rucksack erleichtert den Wechsel zwischen mehreren Verkehrsmitteln.
doc-0286,work,"Regelmäßige Gespräche verbessern die Zusammenarbeit im Team. Die Qualität eines Ergebnisses wird anhand vorher definierter Kriterien geprüft. Automatisierung reduziert wiederkehrende manuelle Tätigkeiten. Klare Zuständigkeiten verhindern doppelte Arbeit. Ein ruhiger Arbeitsplatz unterstützt konzentriertes Arbeiten. Pausen und feste Arbeitszeiten helfen, langfristig leistungsfähig zu bleiben."
doc-0287,science,"Die Genauigkeit steigt häufig mit der Zahl sauberer Beobachtungen. Neue Ergebnisse werden mit früheren Studien verglichen. Die Schlussfolgerung darf nicht über die erhobenen Daten hinausgehen. Die Analyse trennt Korrelation und tatsächliche Ursache. Das Experiment wird unter denselben Bedingungen mehrfach wiederholt. Die Forschenden dokumentieren Messwerte und mögliche Fehlerquellen. Offene Daten erleichtern die unabhängige Überprüfung einer Untersuchung. Die Methode wird so beschrieben, dass andere sie nachvollziehen können. Unsicherheit wird zusammen mit dem Messwert angegeben."
doc-0288,culture,"Eine Führung erklärt die Entstehung ausgewählter Bilder. Kulturelle Angebote schaffen Räume für gemeinsame Erfahrungen. Das Theater verbindet klassische Texte mit moderner Bühnentechnik. Die Ausstellung stellt verschiedene Sichtweisen nebeneinander. Die Gestaltung eines öffentlichen Platzes prägt das Leben im Viertel. Die Bibliothek organisiert regelmäßig Lesungen und Gespräche. Die Besucher diskutieren nach der Vorstellung über ihre Eindrücke. Traditionen verändern sich, wenn neue Generationen sie weiterentwickeln. Ein Übersetzer muss Bedeutung und Ton des Originals berücksichtigen."
doc-0289,sports,Der Verein bietet Anfängerinnen und Anfängern eigene Trainingszeiten an. Nach einer Verletzung wird die Belastung langsam wieder erhöht. Regelmäßiges Üben verbessert Koordination und Reaktionsfähigkeit. Gemeinsame Ziele stärken die Motivation innerhalb der Gruppe. Die Läuferin kontrolliert ihr Tempo auf den ersten Kilometern. Kurze intensive Einheiten benötigen ausreichende Erholung. Das Team analysiert nach dem Spiel erfolgreiche und schwache Situationen. Eine saubere Technik reduziert das Risiko unnötiger Verletzungen. Eine ausgewogene Ernährung unterstützt Training und Regeneration.
doc-0290,daily_life,Eine Erinnerung im Kalender hilft bei wichtigen Terminen. Kleine Reparaturen werden möglichst früh erledigt. Das Paket kann am Abend in einer Abholstation abgeholt werden. Am Morgen öffnet die Bäckerei bereits vor sieben Uhr. Vor dem Urlaub werden Fenster und elektrische Geräte kontrolliert. Die Familie plant die Einkäufe für die gesamte Woche.
doc-0291,education,"Digitale Übungen können den individuellen Lernfortschritt sichtbar machen. Kurze Tests zeigen, welche Begriffe noch unsicher sind. Ein strukturierter Lernplan reduziert unnötige Wiederholungen. Die Lehrkraft verbindet Grammatik mit konkreten Alltagssituationen. Ein Beispiel aus dem Alltag erleichtert das Verständnis einer Regel. Viele Lernende profitieren von kleinen und erreichbaren Zwischenzielen. Neue Aufgaben sollten bekannte Inhalte in einem anderen Kontext prüfen. Das aktive Abrufen ist oft wirksamer als das bloße Lesen. Die Lernplattform passt die Schwierigkeit an die bisherigen Antworten an."
doc-0292,technology,Die Daten werden verschlüsselt übertragen und nur kurz zwischengespeichert. Die Architektur trennt Geschäftslogik und Benutzerschnittstelle. Das Entwicklungsteam überwacht die Anwendung mit automatisierten Metriken. Der Dienst verarbeitet viele kleine Anfragen parallel. Automatisierte Tests prüfen zentrale Funktionen vor jeder Veröffentlichung. Eine Warteschlange entkoppelt langsame Hintergrundaufgaben.
doc-0293,environment,Solaranlagen liefern auch an kühlen Tagen elektrische Energie. Kleine Veränderungen im Alltag senken den persönlichen Energieverbrauch. Öffentliche Verkehrsmittel reduzieren den Verkehr in der Innenstadt. Die Messstation erfasst Luftqualität und Lärm zu verschiedenen Tageszeiten. Mehrwegverpackungen können den Verbrauch von Kunststoff verringern. Bäume senken im Sommer die Temperatur dicht bebauter Straßen.
doc-0294,health,"Sauberes Trinkwasser ist eine wichtige Grundlage der Gesundheit. Regelmäßige Bewegung stärkt den Kreislauf und verbessert die Ausdauer. Regelmäßiges Lüften verbessert die Luft in geschlossenen Räumen. Kurze Pausen helfen bei langer Arbeit am Bildschirm. Soziale Kontakte wirken sich positiv auf das Wohlbefinden aus. Ausreichender Schlaf unterstützt Konzentration und Erholung. Bei starken oder anhaltenden Symptomen ist professionelle Beratung notwendig. Eine ausgewogene Mahlzeit enthält Gemüse, Eiweiß und komplexe Kohlenhydrate."
doc-0295,travel,Der Zug erreicht den Hauptbahnhof am frühen Nachmittag. Ein kleiner Rucksack erleichtert den Wechsel zwischen mehreren Verkehrsmitteln. Eine digitale Karte funktioniert auch ohne aktive Internetverbindung. Eine Reiseversicherung deckt bestimmte unvorhergesehene Kosten ab. Eine Reservierung ist in der Hauptsaison oft sinnvoll. Das Hotel liegt in der Nähe des historischen Stadtzentrums. Am Abend besuchen die Gäste ein kleines Konzert im Freien. Die Gruppe plant genügend Zeit für unerwartete Verzögerungen ein. Am Bahnhof gibt es Schließfächer für größeres Gepäck.
doc-0296,work,"Wissen wird in verständlichen Dokumenten für andere festgehalten. Klare Zuständigkeiten verhindern doppelte Arbeit. Pausen und feste Arbeitszeiten helfen, langfristig leistungsfähig zu bleiben. Eine realistische Planung berücksichtigt auch unerwartete Probleme. Automatisierung reduziert wiederkehrende manuelle Tätigkeiten. Ein kurzes Protokoll hält Entscheidungen und offene Punkte fest. Ein ruhiger Arbeitsplatz unterstützt konzentriertes Arbeiten. Das Team bespricht am Morgen die wichtigsten Aufgaben des Tages."
doc-0297,science,Ein Kontrollversuch hilft bei der Interpretation des Ergebnisses. Unsicherheit wird zusammen mit dem Messwert angegeben. Ausreißer werden geprüft und nicht automatisch entfernt. Eine grafische Darstellung macht auffällige Muster sichtbar. Die Schlussfolgerung darf nicht über die erhobenen Daten hinausgehen. Ein Modell vereinfacht die Wirklichkeit und hat deshalb klare Grenzen. Die Analyse trennt Korrelation und tatsächliche Ursache. Offene Daten erleichtern die unabhängige Überprüfung einer Untersuchung.
doc-0298,culture,Das Theater verbindet klassische Texte mit moderner Bühnentechnik. Literatur kann gesellschaftliche Konflikte aus ungewohnter Sicht zeigen. Kulturelle Angebote schaffen Räume für gemeinsame Erfahrungen. Eine Führung erklärt die Entstehung ausgewählter Bilder. Die Besucher diskutieren nach der Vorstellung über ihre Eindrücke. Digitale Sammlungen machen seltene Dokumente leichter zugänglich. Die Gestaltung eines öffentlichen Platzes prägt das Leben im Viertel. Ein Übersetzer muss Bedeutung und Ton des Originals berücksichtigen.
doc-0299,sports,Die Mannschaft beginnt das Training mit einer gründlichen Aufwärmphase. Kurze intensive Einheiten benötigen ausreichende Erholung. Die Läuferin kontrolliert ihr Tempo auf den ersten Kilometern. Eine ausgewogene Ernährung unterstützt Training und Regeneration. Fairness bleibt auch in einer engen Wettbewerbssituation wichtig. Krafttraining ergänzt viele Ausdauersportarten sinnvoll. Der Verein bietet Anfängerinnen und Anfängern eigene Trainingszeiten an. Gemeinsame Ziele stärken die Motivation innerhalb der Gruppe. Nach einer Verletzung wird die Belastung langsam wieder erhöht.
doc-0300,daily_life,Am Morgen öffnet die Bäckerei bereits vor sieben Uhr. Am Wochenende wird das Fahrrad gründlich gereinigt. Gemeinsame Mahlzeiten bieten Zeit für ruhige Gespräche. Nach dem Essen wird die Küche gemeinsam aufgeräumt. Die Familie plant die Einkäufe für die gesamte Woche. Das Paket kann am Abend in einer Abholstation abgeholt werden. Der Bus fährt werktags alle zehn Minuten. Ein fester Platz für Schlüssel spart täglich Zeit. Vor dem Urlaub werden Fenster und elektrische Geräte kontrolliert.
